Unnamed: 0,Unnamed: 0.1,Unnamed: 0.1.1,Index,Date and Time,Speed (km/h),Distance traveled (km).1,Status,Position ,Longitude,Latitude,Distance_geopy,Distance traveled (km)
1,1,1,,2017-05-28 00:04:06,0.0,0.0,"ACC开,3D定位,天线正常","湖南省长沙市长沙县向阳路,距宝贝计划婴幼儿游泳SPA会所(No.690店) 约89米,距汇米巴（汇新食品店） 约88米",113.081635,28.232462,0.0,0.0
2,2,2,,2017-05-28 00:07:22,0.0,0.0,"ACC开,3D定位,天线正常","湖南省长沙市长沙县向阳路,距宝贝计划婴幼儿游泳SPA会所(No.690店) 约89米,距汇米巴（汇新食品店） 约88米",113.081635,28.232462,0.0,0.0
3,3,3,,2017-05-28 00:10:38,0.0,0.0,"ACC开,3D定位,天线正常","湖南省长沙市长沙县向阳路,距宝贝计划婴幼儿游泳SPA会所(No.690店) 约89米,距汇米巴（汇新食品店） 约88米",113.081635,28.232462,0.0,0.0
4,4,4,,2017-05-28 00:13:55,0.0,0.0,"ACC开,3D定位,天线正常","湖南省长沙市长沙县向阳路,距宝贝计划婴幼儿游泳SPA会所(No.690店) 约89米,距汇米巴（汇新食品店） 约88米",113.081635,28.232462,0.0,0.0
5,5,5,,2017-05-28 00:17:11,0.0,0.0,"ACC开,3D定位,天线正常","湖南省长沙市长沙县向阳路,距宝贝计划婴幼儿游泳SPA会所(No.690店) 约89米,距汇米巴（汇新食品店） 约88米",113.081635,28.232462,0.0,0.0
6,6,6,,2017-05-28 00:20:28,0.0,0.0,"ACC开,3D定位,天线正常","湖南省长沙市长沙县向阳路,距宝贝计划婴幼儿游泳SPA会所(No.690店) 约89米,距汇米巴（汇新食品店） 约88米",113.081635,28.232462,0.0,0.0
7,7,7,,2017-05-28 00:23:43,0.0,0.0,"ACC开,3D定位,天线正常","湖南省长沙市长沙县向阳路,距宝贝计划婴幼儿游泳SPA会所(No.690店) 约89米,距汇米巴（汇新食品店） 约88米",113.081635,28.232462,0.0,0.0
8,8,8,,2017-05-28 00:27:00,0.0,0.0,"ACC开,3D定位,天线正常","湖南省长沙市长沙县向阳路,距宝贝计划婴幼儿游泳SPA会所(No.690店) 约89米,距汇米巴（汇新食品店） 约88米",113.081635,28.232462,0.0,0.0
9,9,9,,2017-05-28 00:30:16,0.0,0.0,"ACC开,3D定位,天线正常","湖南省长沙市长沙县向阳路,距宝贝计划婴幼儿游泳SPA会所(No.690店) 约89米,距汇米巴（汇新食品店） 约88米",113.081635,28.232462,0.0,0.0
10,10,10,,2017-05-28 00:33:32,0.0,0.0,"ACC开,3D定位,天线正常","湖南省长沙市长沙县向阳路,距宝贝计划婴幼儿游泳SPA会所(No.690店) 约89米,距汇米巴（汇新食品店） 约88米",113.081635,28.232462,0.0,0.0
11,11,11,,2017-05-28 00:36:48,0.0,0.0,"ACC开,3D定位,天线正常","湖南省长沙市长沙县向阳路,距宝贝计划婴幼儿游泳SPA会所(No.690店) 约89米,距汇米巴（汇新食品店） 约88米",113.081635,28.232462,0.0,0.0
12,12,12,,2017-05-28 00:40:04,0.0,0.0,"ACC开,3D定位,天线正常","湖南省长沙市长沙县向阳路,距宝贝计划婴幼儿游泳SPA会所(No.690店) 约89米,距汇米巴（汇新食品店） 约88米",113.081635,28.232462,0.0,0.0
13,13,13,,2017-05-28 00:43:20,0.0,0.0,"ACC开,3D定位,天线正常","湖南省长沙市长沙县向阳路,距宝贝计划婴幼儿游泳SPA会所(No.690店) 约89米,距汇米巴（汇新食品店） 约88米",113.081635,28.232462,0.0,0.0
14,14,14,,2017-05-28 00:46:37,0.0,0.0,"ACC开,3D定位,天线正常","湖南省长沙市长沙县向阳路,距宝贝计划婴幼儿游泳SPA会所(No.690店) 约89米,距汇米巴（汇新食品店） 约88米",113.081635,28.232462,0.0,0.0
15,15,15,,2017-05-28 00:49:53,0.0,0.0,"ACC开,3D定位,天线正常","湖南省长沙市长沙县向阳路,距宝贝计划婴幼儿游泳SPA会所(No.690店) 约89米,距汇米巴（汇新食品店） 约88米",113.081635,28.232462,0.0,0.0
16,16,16,,2017-05-28 00:53:09,0.0,0.0,"ACC开,3D定位,天线正常","湖南省长沙市长沙县向阳路,距宝贝计划婴幼儿游泳SPA会所(No.690店) 约89米,距汇米巴（汇新食品店） 约88米",113.081635,28.232462,0.0,0.0
17,17,17,,2017-05-28 00:56:26,0.0,0.0,"ACC开,3D定位,天线正常","湖南省长沙市长沙县向阳路,距宝贝计划婴幼儿游泳SPA会所(No.690店) 约89米,距汇米巴（汇新食品店） 约88米",113.081635,28.232462,0.0,0.0
18,18,18,,2017-05-28 00:59:41,0.0,0.0,"ACC开,3D定位,天线正常","湖南省长沙市长沙县向阳路,距宝贝计划婴幼儿游泳SPA会所(No.690店) 约89米,距汇米巴（汇新食品店） 约88米",113.081635,28.232462,0.0,0.0
19,19,19,,2017-05-28 01:02:58,0.0,0.0,"ACC开,3D定位,天线正常","湖南省长沙市长沙县向阳路,距宝贝计划婴幼儿游泳SPA会所(No.690店) 约89米,距汇米巴（汇新食品店） 约88米",113.081635,28.232462,0.0,0.0
20,20,20,,2017-05-28 01:06:14,0.0,0.0,"ACC开,3D定位,天线正常","湖南省长沙市长沙县向阳路,距宝贝计划婴幼儿游泳SPA会所(No.690店) 约89米,距汇米巴（汇新食品店） 约88米",113.081635,28.232462,0.0,0.0
21,21,21,,2017-05-28 01:09:30,0.0,0.0,"ACC开,3D定位,天线正常","湖南省长沙市长沙县向阳路,距宝贝计划婴幼儿游泳SPA会所(No.690店) 约89米,距汇米巴（汇新食品店） 约88米",113.081635,28.232462,0.0,0.0
22,22,22,,2017-05-28 01:12:46,0.0,0.0,"ACC开,3D定位,天线正常","湖南省长沙市长沙县向阳路,距宝贝计划婴幼儿游泳SPA会所(No.690店) 约89米,距汇米巴（汇新食品店） 约88米",113.081635,28.232462,0.0,0.0
23,23,23,,2017-05-28 01:16:02,0.0,0.0,"ACC开,3D定位,天线正常","湖南省长沙市长沙县向阳路,距宝贝计划婴幼儿游泳SPA会所(No.690店) 约89米,距汇米巴（汇新食品店） 约88米",113.081635,28.232462,0.0,0.0
24,24,24,,2017-05-28 01:19:18,0.0,0.0,"ACC开,3D定位,天线正常","湖南省长沙市长沙县向阳路,距宝贝计划婴幼儿游泳SPA会所(No.690店) 约89米,距汇米巴（汇新食品店） 约88米",113.081635,28.232462,0.0,0.0
25,25,25,,2017-05-28 01:22:35,0.0,0.0,"ACC开,3D定位,天线正常","湖南省长沙市长沙县向阳路,距宝贝计划婴幼儿游泳SPA会所(No.690店) 约89米,距汇米巴（汇新食品店） 约88米",113.081635,28.232462,0.0,0.0
26,26,26,,2017-05-28 01:25:51,0.0,0.0,"ACC开,3D定位,天线正常","湖南省长沙市长沙县向阳路,距宝贝计划婴幼儿游泳SPA会所(No.690店) 约89米,距汇米巴（汇新食品店） 约88米",113.081635,28.232462,0.0,0.0
27,27,27,,2017-05-28 01:29:08,0.0,0.0,"ACC开,3D定位,天线正常","湖南省长沙市长沙县向阳路,距宝贝计划婴幼儿游泳SPA会所(No.690店) 约89米,距汇米巴（汇新食品店） 约88米",113.081635,28.232462,0.0,0.0
28,28,28,,2017-05-28 01:32:23,0.0,0.0,"ACC开,3D定位,天线正常","湖南省长沙市长沙县向阳路,距宝贝计划婴幼儿游泳SPA会所(No.690店) 约89米,距汇米巴（汇新食品店） 约88米",113.081635,28.232462,0.0,0.0
29,29,29,,2017-05-28 01:35:40,0.0,0.0,"ACC开,3D定位,天线正常","湖南省长沙市长沙县向阳路,距宝贝计划婴幼儿游泳SPA会所(No.690店) 约89米,距汇米巴（汇新食品店） 约88米",113.081635,28.232462,0.0,0.0
30,30,30,,2017-05-28 01:38:56,0.0,0.0,"ACC开,3D定位,天线正常","湖南省长沙市长沙县向阳路,距宝贝计划婴幼儿游泳SPA会所(No.690店) 约89米,距汇米巴（汇新食品店） 约88米",113.081635,28.232462,0.0,0.0
31,31,31,,2017-05-28 01:42:12,0.0,0.0,"ACC开,3D定位,天线正常","湖南省长沙市长沙县向阳路,距宝贝计划婴幼儿游泳SPA会所(No.690店) 约89米,距汇米巴（汇新食品店） 约88米",113.081635,28.232462,0.0,0.0
32,32,32,,2017-05-28 01:45:28,0.0,0.0,"ACC开,3D定位,天线正常","湖南省长沙市长沙县向阳路,距宝贝计划婴幼儿游泳SPA会所(No.690店) 约89米,距汇米巴（汇新食品店） 约88米",113.081635,28.232462,0.0,0.0
33,33,33,,2017-05-28 01:48:45,0.0,0.0,"ACC开,3D定位,天线正常","湖南省长沙市长沙县向阳路,距宝贝计划婴幼儿游泳SPA会所(No.690店) 约89米,距汇米巴（汇新食品店） 约88米",113.081635,28.232462,0.0,0.0
34,34,34,,2017-05-28 01:52:00,0.0,0.0,"ACC开,3D定位,天线正常","湖南省长沙市长沙县向阳路,距宝贝计划婴幼儿游泳SPA会所(No.690店) 约89米,距汇米巴（汇新食品店） 约88米",113.081635,28.232462,0.0,0.0
35,35,35,,2017-05-28 01:55:17,0.0,0.0,"ACC开,3D定位,天线正常","湖南省长沙市长沙县向阳路,距宝贝计划婴幼儿游泳SPA会所(No.690店) 约89米,距汇米巴（汇新食品店） 约88米",113.081635,28.232462,0.0,0.0
36,36,36,,2017-05-28 01:58:33,0.0,0.0,"ACC开,3D定位,天线正常","湖南省长沙市长沙县向阳路,距宝贝计划婴幼儿游泳SPA会所(No.690店) 约89米,距汇米巴（汇新食品店） 约88米",113.081635,28.232462,0.0,0.0
37,37,37,,2017-05-28 02:01:49,0.0,0.0,"ACC开,3D定位,天线正常","湖南省长沙市长沙县向阳路,距宝贝计划婴幼儿游泳SPA会所(No.690店) 约89米,距汇米巴（汇新食品店） 约88米",113.081635,28.232462,0.0,0.0
38,38,38,,2017-05-28 02:05:05,0.0,0.0,"ACC开,3D定位,天线正常","湖南省长沙市长沙县向阳路,距宝贝计划婴幼儿游泳SPA会所(No.690店) 约89米,距汇米巴（汇新食品店） 约88米",113.081635,28.232462,0.0,0.0
39,39,39,,2017-05-28 02:08:21,0.0,0.0,"ACC开,3D定位,天线正常","湖南省长沙市长沙县向阳路,距宝贝计划婴幼儿游泳SPA会所(No.690店) 约89米,距汇米巴（汇新食品店） 约88米",113.081635,28.232462,0.0,0.0
40,40,40,,2017-05-28 02:11:38,0.0,0.0,"ACC开,3D定位,天线正常","湖南省长沙市长沙县向阳路,距宝贝计划婴幼儿游泳SPA会所(No.690店) 约89米,距汇米巴（汇新食品店） 约88米",113.081635,28.232462,0.0,0.0
41,41,41,,2017-05-28 02:14:54,0.0,0.0,"ACC开,3D定位,天线正常","湖南省长沙市长沙县向阳路,距宝贝计划婴幼儿游泳SPA会所(No.690店) 约89米,距汇米巴（汇新食品店） 约88米",113.081635,28.232462,0.0,0.0
42,42,42,,2017-05-28 02:18:10,0.0,0.0,"ACC开,3D定位,天线正常","湖南省长沙市长沙县向阳路,距宝贝计划婴幼儿游泳SPA会所(No.690店) 约89米,距汇米巴（汇新食品店） 约88米",113.081635,28.232462,0.0,0.0
43,43,43,,2017-05-28 02:21:27,0.0,0.0,"ACC开,3D定位,天线正常","湖南省长沙市长沙县向阳路,距宝贝计划婴幼儿游泳SPA会所(No.690店) 约89米,距汇米巴（汇新食品店） 约88米",113.081635,28.232462,0.0,0.0
44,44,44,,2017-05-28 02:24:42,0.0,0.0,"ACC开,3D定位,天线正常","湖南省长沙市长沙县向阳路,距宝贝计划婴幼儿游泳SPA会所(No.690店) 约89米,距汇米巴（汇新食品店） 约88米",113.081635,28.232462,0.0,0.0
45,45,45,,2017-05-28 02:27:58,0.0,0.0,"ACC开,3D定位,天线正常","湖南省长沙市长沙县向阳路,距宝贝计划婴幼儿游泳SPA会所(No.690店) 约89米,距汇米巴（汇新食品店） 约88米",113.081635,28.232462,0.0,0.0
46,46,46,,2017-05-28 02:31:15,0.0,0.0,"ACC开,3D定位,天线正常","湖南省长沙市长沙县向阳路,距宝贝计划婴幼儿游泳SPA会所(No.690店) 约89米,距汇米巴（汇新食品店） 约88米",113.081635,28.232462,0.0,0.0
47,47,47,,2017-05-28 02:34:31,0.0,0.0,"ACC开,3D定位,天线正常","湖南省长沙市长沙县向阳路,距宝贝计划婴幼儿游泳SPA会所(No.690店) 约89米,距汇米巴（汇新食品店） 约88米",113.081635,28.232462,0.0,0.0
48,48,48,,2017-05-28 02:37:47,0.0,0.0,"ACC开,3D定位,天线正常","湖南省长沙市长沙县向阳路,距宝贝计划婴幼儿游泳SPA会所(No.690店) 约89米,距汇米巴（汇新食品店） 约88米",113.081635,28.232462,0.0,0.0
49,49,49,,2017-05-28 02:41:04,0.0,0.0,"ACC开,3D定位,天线正常","湖南省长沙市长沙县向阳路,距宝贝计划婴幼儿游泳SPA会所(No.690店) 约89米,距汇米巴（汇新食品店） 约88米",113.081635,28.232462,0.0,0.0
50,50,50,,2017-05-28 02:44:19,0.0,0.0,"ACC开,3D定位,天线正常","湖南省长沙市长沙县向阳路,距宝贝计划婴幼儿游泳SPA会所(No.690店) 约89米,距汇米巴（汇新食品店） 约88米",113.081635,28.232462,0.0,0.0
51,51,51,,2017-05-28 02:47:36,0.0,0.0,"ACC开,3D定位,天线正常","湖南省长沙市长沙县向阳路,距宝贝计划婴幼儿游泳SPA会所(No.690店) 约89米,距汇米巴（汇新食品店） 约88米",113.081635,28.232462,0.0,0.0
52,52,52,,2017-05-28 02:50:52,0.0,0.0,"ACC开,3D定位,天线正常","湖南省长沙市长沙县向阳路,距宝贝计划婴幼儿游泳SPA会所(No.690店) 约89米,距汇米巴（汇新食品店） 约88米",113.081635,28.232462,0.0,0.0
53,53,53,,2017-05-28 02:54:08,0.0,0.0,"ACC开,3D定位,天线正常","湖南省长沙市长沙县向阳路,距宝贝计划婴幼儿游泳SPA会所(No.690店) 约89米,距汇米巴（汇新食品店） 约88米",113.081635,28.232462,0.0,0.0
54,54,54,,2017-05-28 02:57:25,0.0,0.0,"ACC开,3D定位,天线正常","湖南省长沙市长沙县向阳路,距宝贝计划婴幼儿游泳SPA会所(No.690店) 约89米,距汇米巴（汇新食品店） 约88米",113.081635,28.232462,0.0,0.0
55,55,55,,2017-05-28 03:00:40,0.0,0.0,"ACC开,3D定位,天线正常","湖南省长沙市长沙县向阳路,距宝贝计划婴幼儿游泳SPA会所(No.690店) 约89米,距汇米巴（汇新食品店） 约88米",113.081635,28.232462,0.0,0.0
56,56,56,,2017-05-28 03:03:56,0.0,0.0,"ACC开,3D定位,天线正常","湖南省长沙市长沙县向阳路,距宝贝计划婴幼儿游泳SPA会所(No.690店) 约89米,距汇米巴（汇新食品店） 约88米",113.081635,28.232462,0.0,0.0
57,57,57,,2017-05-28 03:05:09,0.0,0.0,"ACC开,3D定位,天线正常","湖南省长沙市长沙县向阳路,距宝贝计划婴幼儿游泳SPA会所(No.690店) 约89米,距汇米巴（汇新食品店） 约88米",113.081635,28.232462,0.0,0.0
58,58,58,,2017-05-28 03:05:58,0.0,0.0,"ACC开,3D定位,天线正常","湖南省长沙市长沙县向阳路,距宝贝计划婴幼儿游泳SPA会所(No.690店) 约89米,距汇米巴（汇新食品店） 约88米",113.081635,28.232462,0.0,0.0
59,59,59,,2017-05-28 03:06:46,0.0,0.0,"ACC开,3D定位,天线正常","湖南省长沙市长沙县向阳路,距宝贝计划婴幼儿游泳SPA会所(No.690店) 约89米,距汇米巴（汇新食品店） 约88米",113.081635,28.232462,0.0,0.0
60,60,60,,2017-05-28 03:07:34,0.0,0.0,"ACC开,3D定位,天线正常","湖南省长沙市长沙县向阳路,距宝贝计划婴幼儿游泳SPA会所(No.690店) 约89米,距汇米巴（汇新食品店） 约88米",113.081635,28.232462,0.0,0.0
61,61,61,,2017-05-28 03:08:22,0.0,0.0,"ACC开,3D定位,天线正常","湖南省长沙市长沙县向阳路,距宝贝计划婴幼儿游泳SPA会所(No.690店) 约89米,距汇米巴（汇新食品店） 约88米",113.081635,28.232462,0.0,0.0
62,62,62,,2017-05-28 03:09:10,0.0,0.0,"ACC开,3D定位,天线正常","湖南省长沙市长沙县向阳路,距宝贝计划婴幼儿游泳SPA会所(No.690店) 约89米,距汇米巴（汇新食品店） 约88米",113.081635,28.232462,0.0,0.0
63,63,63,,2017-05-28 03:09:58,0.0,0.0,"ACC开,3D定位,天线正常","湖南省长沙市长沙县向阳路,距宝贝计划婴幼儿游泳SPA会所(No.690店) 约89米,距汇米巴（汇新食品店） 约88米",113.081635,28.232462,0.0,0.0
64,64,64,,2017-05-28 03:12:06,0.0,0.0,"ACC开,3D定位,天线正常","湖南省长沙市长沙县向阳路,距宝贝计划婴幼儿游泳SPA会所(No.690店) 约89米,距汇米巴（汇新食品店） 约88米",113.081635,28.232462,0.0,0.0
65,65,65,,2017-05-28 03:12:54,0.0,0.0,"ACC开,3D定位,天线正常","湖南省长沙市长沙县向阳路,距宝贝计划婴幼儿游泳SPA会所(No.690店) 约89米,距汇米巴（汇新食品店） 约88米",113.081635,28.232462,0.0,0.0
66,66,66,,2017-05-28 03:13:42,0.0,0.0,"ACC开,3D定位,天线正常","湖南省长沙市长沙县向阳路,距宝贝计划婴幼儿游泳SPA会所(No.690店) 约89米,距汇米巴（汇新食品店） 约88米",113.081635,28.232462,0.0,0.0
67,67,67,,2017-05-28 03:14:30,0.0,0.0,"ACC开,3D定位,天线正常","湖南省长沙市长沙县向阳路,距宝贝计划婴幼儿游泳SPA会所(No.690店) 约89米,距汇米巴（汇新食品店） 约88米",113.081635,28.232462,0.0,0.0
68,68,68,,2017-05-28 03:15:18,9.0,0.0,"ACC开,3D定位,天线正常","湖南省长沙市长沙县寿昌路15号,距湖南泰丰 约61米,距长沙佳利厢式冷藏货柜有限公司 约70米",113.08071,28.232473,90.62756274574085,0.0
69,69,69,,2017-05-28 03:16:22,13.0,0.0,"ACC开,3D定位,天线正常","湖南省长沙市长沙县向阳路8号,距金穗窗帘 约30米,距德美思特门窗 约30米",113.07981,28.233765,168.56226451432985,0.0
70,70,70,,2017-05-28 03:17:09,0.0,0.0,"ACC开,3D定位,天线正常","湖南省长沙市长沙县向阳路8号,距金穗窗帘 约11米,距德美思特门窗 约11米",113.0798,28.234040000000004,30.5943367142473,0.0
71,71,71,,2017-05-28 03:17:58,10.0,0.0,"ACC开,3D定位,天线正常","湖南省长沙市长沙县向阳路8号,距金穗窗帘 约11米,距德美思特门窗 约11米",113.079605,28.233955,21.31353543333321,0.0
72,72,72,,2017-05-28 03:18:45,36.0,0.0,"ACC开,3D定位,天线正常","湖南省长沙市长沙县寿昌路13号,距湖南东荣机械有限公司 约61米,距湖南东荣机械有限公司-西北门 约66米",113.07957,28.231106,316.81334903821994,0.0
73,73,73,,2017-05-28 03:19:33,20.0,0.0,"ACC开,3D定位,天线正常","湖南省长沙市长沙县泰瑞路5号,距长沙市快处快赔点 约40米,距长沙精达印刷制版有限公司 约44米",113.07896399999998,28.22765200000001,388.6294384615432,0.0
74,74,74,,2017-05-28 03:21:57,11.0,1.0,"ACC开,3D定位,天线正常","湖南省长沙市长沙县东升路9号,距长沙县交警大队-东南门 约10米,距长沙县交警大队 约15米",113.07147,28.2273,735.2402560663695,1.0
75,75,75,,2017-05-28 03:22:46,26.0,1.0,"ACC开,3D定位,天线正常","湖南省长沙市长沙县,距五星鸡场 约124米,距吉祥宾馆 约185米",113.068275,28.227205,313.19747889492777,1.0
76,76,76,,2017-05-28 03:23:34,46.0,1.0,"ACC开,3D定位,天线正常","湖南省长沙市芙蓉区双杨路,距凤鹏石材 约82米,距长沙铁马驾驶员培训学校 约95米",113.06333,28.226986,485.0819388114932,1.0
77,77,77,,2017-05-28 03:24:22,35.0,1.0,"ACC开,3D定位,天线正常","湖南省长沙市开福区,距长沙市天浩展柜厂 约393米,距好来香土菜馆 约407米",113.0577,28.22751400000001,554.6960030365364,1.0
78,78,78,,2017-05-28 03:25:10,33.0,1.0,"ACC开,3D定位,天线正常","湖南省长沙市开福区,距湖南月湖大市场E区-9栋 约397米,距长沙市安达货运十八站 约400米",113.05493,28.229994,386.89978476833824,1.0
79,79,79,,2017-05-28 03:27:50,31.0,2.0,"ACC开,3D定位,天线正常","湖南省长沙市开福区,距金色比华利-11栋 约208米,距兴盛生鲜 约276米",113.0604,28.23366,673.3056866238729,2.0
80,80,80,,2017-05-28 03:28:38,28.0,2.0,"ACC开,3D定位,天线正常","湖南省长沙市长沙县汽配城路辅路,距紫晶城 约105米,距温馨宾馆(长沙汽配城店) 约116米",113.064735,28.23330300000001,426.5333911346363,2.0
81,81,81,,2017-05-28 03:29:26,41.0,2.0,"ACC开,3D定位,天线正常","湖南省长沙市长沙县汽配城路65号,距菜鸟驿站(长沙紫晶城三期A栋2单元117号店) 约13米,距紫晶城-北门 约43米",113.064476,28.235374,231.67860684063552,2.0
82,82,82,,2017-05-28 03:30:14,56.0,2.0,"ACC开,3D定位,天线正常","湖南省长沙市长沙县金茂西路,距中南汽车世界G区-39栋 约39米,距湖南德星行汽车服务有限公司 约43米",113.06715,28.240936,671.6538850477538,2.0
83,83,83,,2017-05-28 03:31:03,54.0,3.0,"ACC开,3D定位,天线正常","湖南省长沙市长沙县卫星路345号,距中南汽车世界Q区-29栋 约17米,距金木坊 约16米",113.06829,28.248034000000004,797.123399939609,3.0
84,84,84,,2017-05-28 03:32:22,52.0,3.0,"ACC开,3D定位,天线正常","湖南省长沙市长沙县石塘路,距虾满堂 约183米,距青岛扎啤广场 约185米",113.06744,28.257683,1076.1467336310782,3.0
85,85,85,,2017-05-28 03:33:10,62.0,4.0,"ACC开,3D定位,天线正常","湖南省长沙市长沙县南塘路,距四季星城别墅区13栋 约88米,距四季星城二期16栋 约99米",113.06719,28.264807,792.5320974703494,4.0
86,86,86,,2017-05-28 03:33:58,68.0,4.0,"ACC开,3D定位,天线正常","湖南省长沙市长沙县贺龙体校路,距郡原·居里 约205米,距艾迪宝·贺龙体校乒羽中心-东南门 约37米",113.06887,28.272608,882.8982485768074,4.0
87,87,87,,2017-05-28 03:34:46,72.0,4.0,"ACC开,3D定位,天线正常","湖南省长沙市长沙县X041,距长沙市大鸿光电科技有限公司 约18米,距星沙黄土岭农资日杂便民店 约25米",113.07203,28.28045,925.2715119223612,4.0
88,88,88,,2017-05-28 03:35:34,70.0,4.0,"ACC开,3D定位,天线正常","湖南省长沙市长沙县X041,距长沙圣德丽金属门窗工程有限公司 约234米,距石子村 约237米",113.07435,28.2887,945.069011080972,4.0
89,89,89,,2017-05-28 03:36:38,67.0,5.0,"ACC开,3D定位,天线正常","湖南省长沙市长沙县X041,距水渡村 约111米,距长沙博士龙建材科技有限公司 约138米",113.077446,28.298817,1165.0857603002953,5.0
90,90,90,,2017-05-28 03:37:26,64.0,5.0,"ACC开,3D定位,天线正常","湖南省长沙市长沙县,距大屋湾 约86米,距腰塘 约119米",113.08079,28.306252,889.1978934546105,5.0
91,91,91,,2017-05-28 03:38:15,50.0,6.0,"ACC开,3D定位,天线正常","湖南省长沙市长沙县X041,距茅栗山 约46米,距长沙市博远物流有限公司 约274米",113.08423,28.312935,815.8621992464748,6.0
92,92,92,,2017-05-28 03:39:03,27.0,6.0,"ACC开,3D定位,天线正常","湖南省长沙市长沙县X041,距茅栗山 约117米,距长沙市博远物流有限公司 约114米",113.08555,28.313795,160.75438506772184,6.0
93,93,93,,2017-05-28 03:39:51,17.0,6.0,"ACC开,3D定位,天线正常","湖南省长沙市长沙县,距长沙康乐包装有限公司工会委员会 约187米,距长沙毅华塑料包装有限公司年 约235米",113.08103,28.315193,468.98178560847015,6.0
94,94,94,,2017-05-28 03:41:59,0.0,6.0,"ACC开,3D定位,天线正常","湖南省长沙市长沙县,距勤冲 约298米,距卢家冲 约327米",113.07485,28.317451,654.9925568401519,6.0
95,95,95,,2017-05-28 03:42:47,31.0,6.0,"ACC开,3D定位,天线正常","湖南省长沙市长沙县,距卢家冲 约153米,距陈家冲 约290米",113.07318,28.318012,174.97132679650738,6.0
96,96,96,,2017-05-28 03:43:35,67.0,7.0,"ACC开,3D定位,天线正常","湖南省长沙市开福区,距易家围子 约212米,距卢家冲 约495米",113.066864,28.319677,645.3823037090691,7.0
97,97,97,,2017-05-28 03:44:23,68.0,7.0,"ACC开,3D定位,天线正常","湖南省长沙市开福区,距甘冲子 约211米,距石咀上 约235米",113.05709,28.32092,966.6705716506816,7.0
98,98,98,,2017-05-28 03:45:11,51.0,7.0,"ACC开,3D定位,天线正常","湖南省长沙市开福区捞建路,距汉回村村委会 约79米,距兴盛便利超市汉回民族超市 约83米",113.04925,28.321508,770.200390531196,7.0
99,99,99,,2017-05-28 03:47:20,50.0,9.0,"ACC开,3D定位,天线正常","湖南省长沙市开福区G0401(三环线),距黄泥冲 约344米,距箭道坡 约361米",113.0278,28.325277000000003,2141.0136931859856,9.0
100,100,100,,2017-05-28 03:48:07,62.0,9.0,"ACC开,3D定位,天线正常","湖南省长沙市开福区G0401(三环线),距广坤喷涂厂 约321米,距深坡 约428米",113.02007,28.32458,760.5854194624417,9.0
101,101,101,,2017-05-28 03:48:56,64.0,9.0,"ACC开,3D定位,天线正常","湖南省长沙市开福区X037(长青路),距蔡家坝立架桥 约121米,距侯家屋场 约153米",113.01179,28.323479,819.6626211203426,9.0
102,102,102,,2017-05-28 03:49:43,74.0,10.0,"ACC开,3D定位,天线正常","湖南省长沙市开福区长湘路,距长沙机床厂技工学校 约73米,距卓京教育(初中校区) 约75米",113.00271,28.322405,896.7708456278826,10.0
103,103,103,,2017-05-28 03:50:31,67.0,10.0,"ACC开,3D定位,天线正常","湖南省长沙市开福区,距大庵词 约258米,距蜡树下 约273米",112.99316,28.323084,937.8345755290312,10.0
104,104,104,,2017-05-28 03:51:19,69.0,10.0,"ACC开,3D定位,天线正常","湖南省长沙市开福区开福大道,距罗家坡 约290米,距秧子冲 约495米",112.98382,28.3258,962.8116276384112,10.0
105,105,105,,2017-05-28 03:52:55,72.0,12.0,"ACC开,3D定位,天线正常","湖南省长沙市开福区G0401(三环线),距柞树湾 约292米,距藕塘冲 约369米",112.967476,28.331339,1714.1954836972122,12.0
106,106,106,,2017-05-28 03:53:44,58.0,12.0,"ACC开,3D定位,天线正常","湖南省长沙市开福区新安路,距明园垂钓 约87米,距新港(新安路) 约93米",112.958046,28.330544,927.1969357843643,12.0
107,107,107,,2017-05-28 03:54:32,66.0,12.0,"ACC开,3D定位,天线正常","湖南省长沙市开福区,距新港水电建材工具 约78米,距旺熙雨批发超市 约99米",112.95113,28.327375,763.1494208735407,12.0
108,108,108,,2017-05-28 03:55:20,62.0,12.0,"ACC开,3D定位,天线正常","湖南省长沙市开福区,距湖南兆新混凝土有限公司 约131米,距七家湖 约292米",112.94465,28.32179600000001,887.2144704654731,12.0
109,109,109,,2017-05-28 03:56:08,51.0,13.0,"ACC开,3D定位,天线正常","湖南省长沙市望城区,距许家洲 约418米,距湘江大桥 约572米",112.93923999999998,28.31697,753.9307177324831,13.0
110,110,110,,2017-05-28 03:56:56,54.0,13.0,"ACC开,3D定位,天线正常","湖南省长沙市望城区X065(潇湘北大道东线),距许家洲 约355米,距樟树坳 约578米",112.93371,28.312763,715.4586840095852,13.0
111,111,111,,2017-05-28 03:58:00,64.0,14.0,"ACC开,3D定位,天线正常","湖南省长沙市望城区G0401(三环线),距星城天华幼儿园 约205米,距道士冲 约216米",112.92529,28.306435,1083.769477375,14.0
112,112,112,,2017-05-28 03:58:48,59.0,14.0,"ACC开,3D定位,天线正常","湖南省长沙市望城区西城路,距恒大名都 约246米,距恒大名都-45栋 约44米",112.91789,28.303219,807.9144850329789,14.0
113,113,113,,2017-05-28 03:59:36,59.0,15.0,"ACC开,3D定位,天线正常","湖南省长沙市望城区黄金大道,距红黄蓝幼儿园(桃园东北) 约25米,距红黄蓝幼儿园(桃园东北)-西门 约26米",112.91022,28.303637,752.3423836622859,15.0
114,114,114,,2017-05-28 04:00:24,64.0,15.0,"ACC开,3D定位,天线正常","湖南省长沙市望城区,距中岭村 约372米,距毛栗咀 约402米",112.90249,28.307003,844.264254798589,15.0
115,115,115,,2017-05-28 04:01:12,75.0,15.0,"ACC开,3D定位,天线正常","湖南省长沙市望城区G0401(三环线),距管沙坡 约167米,距赖坡塘 约232米",112.89421000000002,28.31025,887.3592716548857,15.0
116,116,116,,2017-05-28 04:02:32,58.0,16.0,"ACC开,3D定位,天线正常","湖南省长沙市望城区雷锋大道辅路,距锦绣生态农庄-东北门 约70米,距锦绣生态农庄 约77米",112.88083,28.30985,1310.5968018218057,16.0
117,117,117,,2017-05-28 04:04:23,70.0,18.0,"ACC开,3D定位,天线正常","湖南省长沙市望城区普瑞西路,距余家屋场 约144米,距澳海望洲府 约157米",112.86107,28.301264,2157.2599121307558,18.0
118,118,118,,2017-05-28 04:05:12,67.0,18.0,"ACC开,3D定位,天线正常","湖南省长沙市望城区马桥河路辅路,距檀树屋场 约81米,距湖南金桥商砼电商有限公司 约341米",112.855385,28.294613,925.6076715861888,18.0
119,119,119,,2017-05-28 04:06:01,66.0,19.0,"ACC开,3D定位,天线正常","湖南省长沙市望城区马桥河路辅路,距牛扼湾 约327米,距土地岸子 约364米",112.85253,28.286985,893.0736156768013,19.0
120,120,120,,2017-05-28 04:06:49,66.0,19.0,"ACC开,3D定位,天线正常","湖南省长沙市望城区马桥河路,距贺家桥 约198米,距韩家屋场 约242米",112.85021,28.279108,904.8650645787,19.0
121,121,121,,2017-05-28 04:07:36,59.0,19.0,"ACC开,3D定位,天线正常","湖南省长沙市望城区马桥河路辅路,距文家冲 约297米,距毛家坝 约382米",112.850044,28.271605,834.455068641098,19.0
122,122,122,,2017-05-28 04:09:28,64.0,21.0,"ACC开,3D定位,天线正常","湖南省长沙市望城区,距伍家湾 约231米,距长沙金鼎实业 约325米",112.84959,28.25371,1990.332755474114,21.0
123,123,123,,2017-05-28 04:10:16,65.0,21.0,"ACC开,3D定位,天线正常","湖南省长沙市望城区金桥路,距长沙湘钢梅塞尔气体产品有限公司 约45米,距雷家新屋 约377米",112.8479,28.246014,871.620985141243,21.0
124,124,124,,2017-05-28 04:11:04,14.0,21.0,"ACC开,3D定位,天线正常","湖南省长沙市望城区X069(雷高路),距湖南斯多孚节能科技有限公司 约78米,距湖南亚鲁特幕墙门窗科技有限公司 约78米",112.84474,28.240814,655.8574864291556,21.0
125,125,125,,2017-05-28 04:11:53,0.0,21.0,"ACC开,3D定位,天线正常","湖南省长沙市望城区X069(雷高路),距湖南亚鲁特幕墙门窗科技有限公司 约66米,距湖南斯多孚节能科技有限公司 约80米",112.84437,28.24083,36.28852390456542,21.0
126,126,126,,2017-05-28 04:12:40,27.0,21.0,"ACC开,3D定位,天线正常","湖南省长沙市望城区X069(雷高路),距湖南亚鲁特幕墙门窗科技有限公司 约152米,距湖南斯多孚节能科技有限公司 约182米",112.842865,28.240807,147.45070496096756,21.0
127,127,127,,2017-05-28 04:15:20,66.0,23.0,"ACC开,3D定位,天线正常","湖南省长沙市望城区X075,距方塘冲 约150米,距明华村 约184米",112.81897,28.241339,2341.475735183382,23.0
128,128,128,,2017-05-28 04:16:09,69.0,24.0,"ACC开,3D定位,天线正常","湖南省长沙市望城区,距童家冲 约135米,距龙头坝 约144米",112.81002,28.242613,888.0961772299678,24.0
129,129,129,,2017-05-28 04:16:57,69.0,24.0,"ACC开,3D定位,天线正常","湖南省长沙市望城区黄桥大道,距三益村 约158米,距蒋军农庄 约159米",112.80105,28.244896,914.6059283191867,24.0
130,130,130,,2017-05-28 04:17:45,62.0,24.0,"ACC开,3D定位,天线正常","湖南省长沙市望城区,距河西汽车城 约163米,距东风本田兰天兴天店 约168米",112.79286,28.246979,835.0135929117765,24.0
131,131,131,,2017-05-28 04:18:33,62.0,24.0,"ACC开,3D定位,天线正常","湖南省长沙市望城区G5513(长常高速),距李家老屋 约215米,距日明村 约658米",112.78463,28.248648,827.2369643734033,24.0
132,132,132,,2017-05-28 04:19:21,14.0,25.0,"ACC开,3D定位,天线正常","湖南省长沙市望城区G5513(长常高速),距唐家坪 约394米,距下谭家老屋 约526米",112.77885,28.248688,566.1797007985588,25.0
133,133,133,,2017-05-28 04:20:09,0.0,25.0,"ACC开,3D定位,天线正常","湖南省长沙市望城区G5513(长常高速),距唐家坪 约385米,距下谭家老屋 约491米",112.7785,28.24864,34.696166576317744,25.0
134,134,134,,2017-05-28 04:20:57,31.0,25.0,"ACC开,3D定位,天线正常","湖南省长沙市望城区G5513(长常高速),距下谭家老屋 约196米,距水口村 约362米",112.77563,28.247826,295.3351199473768,25.0
135,135,135,,2017-05-28 04:21:45,57.0,25.0,"ACC开,3D定位,天线正常","湖南省长沙市望城区S61(许广高速),距上谭家老屋 约261米,距下谭家老屋 约418米",112.76948,28.246893,611.2798485331323,25.0
136,136,136,,2017-05-28 04:22:34,63.0,25.0,"ACC开,3D定位,天线正常","湖南省长沙市望城区,距张家祠堂 约109米,距年冲 约301米",112.76086399999998,28.246876,843.9701713777208,25.0
137,137,137,,2017-05-28 04:23:22,72.0,25.0,"ACC开,3D定位,天线正常","湖南省长沙市望城区,距药铺湾 约475米,距望城区白箬铺镇金星完小 约503米",112.75233500000002,28.248459000000004,853.7819423891605,25.0
138,138,138,,2017-05-28 04:24:10,86.0,26.0,"ACC开,3D定位,天线正常","湖南省长沙市望城区,距潮湖湾 约350米,距钟馗庙 约359米",112.74196,28.251587,1074.1127463861462,26.0
139,139,139,,2017-05-28 04:24:57,80.0,26.0,"ACC开,3D定位,天线正常","湖南省长沙市望城区X076,距和平体育工业园 约47米,距伟功批发超市 约130米",112.73256,28.255754,1030.7235136693623,26.0
140,140,140,,2017-05-28 04:25:45,74.0,27.0,"ACC开,3D定位,天线正常","湖南省长沙市望城区,距马家塘 约198米,距矮子塘 约371米",112.72317,28.260542,1062.6740174325953,27.0
141,141,141,,2017-05-28 04:26:33,85.0,27.0,"ACC开,3D定位,天线正常","湖南省长沙市望城区,距王家塘 约124米,距荆塘湾 约402米",112.71408999999998,28.265102,1023.6835905324226,27.0
142,142,142,,2017-05-28 04:27:21,85.0,27.0,"ACC开,3D定位,天线正常","湖南省长沙市宁乡县,距横田洲 约302米,距三峰塘 约522米",112.7036,28.269388,1132.497895388923,27.0
143,143,143,,2017-05-28 04:28:09,79.0,28.0,"ACC开,3D定位,天线正常","湖南省长沙市宁乡县欧洲路,距邓家湾 约115米,距Salvatore Ferragamo 约165米",112.692924,28.273373,1135.5369773097273,28.0
144,144,144,,2017-05-28 04:28:58,70.0,28.0,"ACC开,3D定位,天线正常","湖南省长沙市宁乡县金水路,距长沙协锐重工有限公司 约88米,距普洛斯金洲新区物流园一期 约213米",112.68405,28.276672,943.2632811299203,28.0
145,145,145,,2017-05-28 04:29:45,54.0,28.0,"ACC开,3D定位,天线正常","湖南省长沙市宁乡县金水路,距湖南省雕塑院 约41米,距长沙市华美雕塑有限公司 约42米",112.67567,28.279346000000004,872.8181011441385,28.0
146,146,146,,2017-05-28 04:30:33,55.0,28.0,"ACC开,3D定位,天线正常","湖南省长沙市宁乡县金水路,距龙丰铝业有限公司 约76米,距湖南锦峰钢结构工程有限公司 约86米",112.66891499999998,28.280483,673.4453623492857,28.0
147,147,147,,2017-05-28 04:31:22,84.0,29.0,"ACC开,3D定位,天线正常","湖南省长沙市宁乡县樟树坡路,距南竹山 约141米,距建明酒家 约237米",112.6592,28.282513,977.7233574721284,29.0
148,148,148,,2017-05-28 04:32:10,82.0,29.0,"ACC开,3D定位,天线正常","湖南省长沙市宁乡县金水西路,距金洲国际城吴昱养生馆 约322米,距东鹏卫浴德意电器 约331米",112.64887,28.285572,1067.1677544657316,29.0
149,149,149,,2017-05-28 04:32:58,82.0,30.0,"ACC开,3D定位,天线正常","湖南省长沙市宁乡县,距响水坝 约315米,距五家咀 约341米",112.63933,28.291101,1118.27747699748,30.0
150,150,150,,2017-05-28 04:33:46,74.0,30.0,"ACC开,3D定位,天线正常","湖南省长沙市宁乡县,距竹山湾 约191米,距熊家洲 约312米",112.63103,28.296703000000004,1023.9300351352645,30.0
151,151,151,,2017-05-28 04:34:34,75.0,30.0,"ACC开,3D定位,天线正常","湖南省长沙市宁乡县,距花门楼 约143米,距茶庵寺村 约266米",112.622734,28.30222100000001,1017.9283410679201,30.0
152,152,152,,2017-05-28 04:35:22,74.0,31.0,"ACC开,3D定位,天线正常","湖南省长沙市宁乡县谐园路,距杨家屋场 约233米,距宁乡信联包装容器有限公司 约319米",112.61321,28.3066,1051.8914510049976,31.0
153,153,153,,2017-05-28 04:36:10,55.0,31.0,"ACC开,3D定位,天线正常","湖南省长沙市宁乡县,距干冲子 约259米,距宁乡佳和农牧有限公司双江口种猪场 约266米",112.60523,28.3096,849.4613060692003,31.0
154,154,154,,2017-05-28 04:36:58,51.0,31.0,"ACC开,3D定位,天线正常","湖南省长沙市宁乡县,距赵子龙 约247米,距张家水碓 约397米",112.59893999999998,28.311651,656.6365079196945,31.0
155,155,155,,2017-05-28 04:37:46,68.0,31.0,"ACC开,3D定位,天线正常","湖南省长沙市宁乡县,距任家铺子 约102米,距井坑上 约523米",112.5908,28.31358,825.2141919496937,31.0
156,156,156,,2017-05-28 04:38:34,60.0,32.0,"ACC开,3D定位,天线正常","湖南省长沙市宁乡县宁乡大道,距泉冲 约168米,距高家新屋 约338米",112.582504,28.315447,838.2219791731189,32.0
157,157,157,,2017-05-28 04:39:22,82.0,32.0,"ACC开,3D定位,天线正常","湖南省长沙市宁乡县蓝月谷西路辅路,距龙家屋场 约472米,距佘公塘冲 约486米",112.57322,28.31752800000001,937.8029936527665,32.0
158,158,158,,2017-05-28 04:40:11,75.0,32.0,"ACC开,3D定位,天线正常","湖南省长沙市宁乡县蓝月谷西路辅路,距朱家湾 约152米,距长槐村 约403米",112.56253999999998,28.321196,1122.1772070178083,32.0
159,159,159,,2017-05-28 04:40:59,67.0,33.0,"ACC开,3D定位,天线正常","湖南省长沙市宁乡县,距王家坡 约218米,距亚超平安保险服务点 约281米",112.55547,28.326136,883.5404281010483,33.0
160,160,160,,2017-05-28 04:41:46,94.0,33.0,"ACC开,3D定位,天线正常","湖南省益阳市赫山区,距印子湾 约253米,距学田湾 约282米",112.54722,28.332829,1098.1425041924697,33.0
161,161,161,,2017-05-28 04:43:06,76.0,35.0,"ACC开,3D定位,天线正常","湖南省益阳市赫山区,距李家湾 约328米,距黄家冲 约452米",112.53653,28.347366,1925.4706404349095,35.0
162,162,162,,2017-05-28 04:43:53,56.0,35.0,"ACC开,3D定位,天线正常","湖南省益阳市赫山区,距熊家湾 约306米,距黄家冲 约410米",112.53288,28.354403,860.1471629168751,35.0
163,163,163,,2017-05-28 04:44:41,73.0,36.0,"ACC开,3D定位,天线正常","湖南省益阳市赫山区,距仙峰寺村 约466米,距枫树山 约693米",112.53074,28.361704,838.4066204190214,36.0
164,164,164,,2017-05-28 04:45:30,66.0,36.0,"ACC开,3D定位,天线正常","湖南省益阳市赫山区,距木家塘村 约157米,距枫树山 约413米",112.529495,28.37113,1055.1799263055657,36.0
165,165,165,,2017-05-28 04:46:18,82.0,36.0,"ACC开,3D定位,天线正常","湖南省益阳市赫山区,距长冲 约404米,距刘家湾 约579米",112.526146,28.379347,970.6619051933476,36.0
166,166,166,,2017-05-28 04:47:06,77.0,37.0,"ACC开,3D定位,天线正常","湖南省益阳市赫山区,距唐家坪 约311米,距王家湾 约378米",112.5228,28.38863,1082.88110638819,37.0
167,167,167,,2017-05-28 04:47:54,83.0,37.0,"ACC开,3D定位,天线正常","湖南省益阳市赫山区,距徐家湾 约304米,距余家台 约625米",112.51752,28.396856,1050.436500858662,37.0
168,168,168,,2017-05-28 04:48:43,74.0,37.0,"ACC开,3D定位,天线正常","湖南省益阳市赫山区,距围子屋场 约512米,距樟树咀村 约574米",112.51321000000002,28.405481,1047.6214734223154,37.0
169,169,169,,2017-05-28 04:49:31,76.0,38.0,"ACC开,3D定位,天线正常","湖南省益阳市赫山区,距喻家冲 约260米,距伞匠湾 约342米",112.50927,28.413233,944.197905043656,38.0
170,170,170,,2017-05-28 04:50:19,78.0,38.0,"ACC开,3D定位,天线正常","湖南省益阳市赫山区,距汤家湾 约277米,距高家拐 约453米",112.503716,28.421377000000003,1055.97700800393,38.0
171,171,171,,2017-05-28 04:51:07,72.0,38.0,"ACC开,3D定位,天线正常","湖南省益阳市赫山区,距白毛冲 约519米,距梅家塘 约584米",112.498535,28.42894,981.7936424995976,38.0
172,172,172,,2017-05-28 04:51:55,78.0,39.0,"ACC开,3D定位,天线正常","湖南省益阳市赫山区鱼形山路,距黄家塘 约259米,距神庵塘 约309米",112.49393,28.437191,1022.0128146115763,39.0
173,173,173,,2017-05-28 04:52:43,76.0,39.0,"ACC开,3D定位,天线正常","湖南省益阳市赫山区欧家冲路,距湖南友欣仪器设备有限公司 约110米,距雪花湾 约169米",112.49023400000002,28.445518,993.9425789267038,39.0
174,174,174,,2017-05-28 04:53:31,79.0,39.0,"ACC开,3D定位,天线正常","湖南省益阳市赫山区X023,距东建混凝土 约260米,距拓鑫门窗 约311米",112.487755,28.45478,1058.0220676245235,39.0
175,175,175,,2017-05-28 04:54:19,75.0,40.0,"ACC开,3D定位,天线正常","湖南省益阳市赫山区,距马头屋场 约398米,距石子塘 约441米",112.48591,28.463682,1006.1565622257635,40.0
176,176,176,,2017-05-28 04:55:07,79.0,40.0,"ACC开,3D定位,天线正常","湖南省益阳市赫山区,距朱家村 约122米,距排子冲 约341米",112.48344,28.47241,1000.0925680466606,40.0
177,177,177,,2017-05-28 04:55:55,68.0,40.0,"ACC开,3D定位,天线正常","湖南省益阳市赫山区,距仓成湾 约303米,距张家湾 约581米",112.47988,28.48068,983.2143111541452,40.0
178,178,178,,2017-05-28 04:56:43,83.0,41.0,"ACC开,3D定位,天线正常","湖南省益阳市赫山区,距高古洲 约354米,距黄皋塅村 约370米",112.47581,28.488926,999.4798767452085,41.0
179,179,179,,2017-05-28 04:57:31,77.0,41.0,"ACC开,3D定位,天线正常","湖南省益阳市赫山区,距苏家村 约152米,距吊牛咀 约534米",112.47083,28.49782,1102.2314651917875,41.0
180,180,180,,2017-05-28 04:58:19,79.0,41.0,"ACC开,3D定位,天线正常","湖南省益阳市赫山区,距杨家冲 约261米,距芦公塘村 约593米",112.4644,28.50536,1047.7274428360256,41.0
181,181,181,,2017-05-28 04:59:07,70.0,42.0,"ACC开,3D定位,天线正常","湖南省益阳市赫山区,距长塘冲 约123米,距正公塘 约459米",112.45981,28.51259000000001,920.5813833556128,42.0
182,182,182,,2017-05-28 04:59:55,75.0,42.0,"ACC开,3D定位,天线正常","湖南省益阳市赫山区,距新塘坡 约366米,距泮泗塘 约505米",112.45535,28.51983,915.4236161791893,42.0
183,183,183,,2017-05-28 05:19:05,69.0,56.0,"ACC开,3D定位,天线正常","湖南省益阳市资阳区资阳东路,距天主堂 约95米,距喜庆多批发部 约98米",112.357376,28.617022,14433.99602962028,56.0
184,184,184,,2017-05-28 05:19:53,75.0,57.0,"ACC开,3D定位,天线正常","湖南省益阳市资阳区文昌路,距益阳平安钢构 约384米,距专一建材 约400米",112.34921,28.62199600000001,970.1723526587466,57.0
185,185,185,,2017-05-28 05:20:42,74.0,57.0,"ACC开,3D定位,天线正常","湖南省益阳市资阳区贺家桥北路,距南湖圫 约368米,距红联农贸大市场 约434米",112.34054,28.627167,1023.093757139489,57.0
186,186,186,,2017-05-28 05:21:30,76.0,57.0,"ACC开,3D定位,天线正常","湖南省益阳市资阳区,距石竹巷 约194米,距新屋村 约317米",112.33142,28.631273,1000.3782180762565,57.0
187,187,187,,2017-05-28 05:22:18,70.0,58.0,"ACC开,3D定位,天线正常","湖南省益阳市资阳区,距黑巷口 约119米,距观塘仑 约398米",112.32309,28.635168,921.1485091542444,58.0
188,188,188,,2017-05-28 05:23:05,74.0,58.0,"ACC开,3D定位,天线正常","湖南省益阳市资阳区,距芭茅塘 约308米,距飞羽农场 约353米",112.316086,28.64115300000001,953.9979662205432,58.0
189,189,189,,2017-05-28 05:26:02,69.0,61.0,"ACC开,3D定位,天线正常","湖南省益阳市资阳区,距三眼塘 约285米,距中国娃艺校乖孩子分校 约299米",112.28477,28.660006,3705.7800129338093,61.0
190,190,190,,2017-05-28 05:26:50,75.0,61.0,"ACC开,3D定位,天线正常","湖南省益阳市资阳区,距迎丰桥镇 约95米,距迎风桥镇人民政府 约81米",112.277054,28.665771000000003,988.7883776488667,61.0
191,191,191,,2017-05-28 05:27:38,75.0,62.0,"ACC开,3D定位,天线正常","湖南省益阳市资阳区,距陈家桥村 约441米,距鑫鑫门业 约503米",112.26899,28.671528,1014.2837476478586,62.0
192,192,192,,2017-05-28 05:28:26,71.0,62.0,"ACC开,3D定位,天线正常","湖南省益阳市资阳区,距迎风桥 约502米,距迎风汽车站 约502米",112.25977,28.675858,1020.247422653524,62.0
193,193,193,,2017-05-28 05:29:14,71.0,62.0,"ACC开,3D定位,天线正常","湖南省益阳市资阳区G319(厦成线),距益阳国基实验学校 约81米,距益阳四通电脑中等专业学校 约81米",112.24982,28.678322,1008.6056987240753,62.0
194,194,194,,2017-05-28 05:30:34,71.0,63.0,"ACC开,3D定位,天线正常","湖南省益阳市资阳区,距益阳市第一职业中专学校 约369米,距黄花仑蓓蕾幼儿园 约377米",112.23426,28.681326,1554.2451360386926,63.0
195,195,195,,2017-05-28 05:31:22,74.0,64.0,"ACC开,3D定位,天线正常","湖南省益阳市资阳区G319(厦成线),距双塘基 约216米,距银丰园林双塘基苗圃 约234米",112.22501,28.68452000000001,969.7183801844068,64.0
196,196,196,,2017-05-28 05:32:10,76.0,64.0,"ACC开,3D定位,天线正常","湖南省益阳市资阳区G319(厦成线),距昌长湾 约179米,距银树冲 约353米",112.217,28.689335,947.1863219793497,64.0
197,197,197,,2017-05-28 05:32:58,68.0,64.0,"ACC开,3D定位,天线正常","湖南省常德市汉寿县G319(厦成线),距水竹村 约118米,距祝家仑村 约665米",112.2074,28.691936,980.0599124955212,64.0
198,198,198,,2017-05-28 05:33:46,79.0,65.0,"ACC开,3D定位,天线正常","湖南省常德市汉寿县G319(厦成线),距祝家仑村 约508米,距砖屋湾 约609米",112.19843,28.695840000000004,976.7074327717554,65.0
199,199,199,,2017-05-28 05:38:03,73.0,69.0,"ACC开,3D定位,天线正常","湖南省常德市汉寿县,距红旗 约530米,距罗家塘 约532米",112.14923,28.712593,5147.405186503931,69.0
200,200,200,,2017-05-28 05:38:50,73.0,69.0,"ACC开,3D定位,天线正常","湖南省常德市汉寿县G5513(长常高速),距毛家咀 约274米,距尾基湾村 约384米",112.13948,28.713188,953.1416827008787,69.0
201,201,201,,2017-05-28 05:39:39,71.0,70.0,"ACC开,3D定位,天线正常","湖南省常德市汉寿县G5513(长常高速),距红花坳 约404米,距李家湾 约546米",112.12957,28.71261,968.5808761027656,70.0
202,202,202,,2017-05-28 05:40:27,69.0,70.0,"ACC开,3D定位,天线正常","湖南省常德市汉寿县,距欧家冲 约519米,距红花坳 约822米",112.11913,28.71185,1021.6406858329452,70.0
203,203,203,,2017-05-28 05:41:15,83.0,70.0,"ACC开,3D定位,天线正常","湖南省常德市汉寿县,距红土墙小学 约263米,距田坪里 约644米",112.10929,28.712528,962.5829675137107,70.0
204,204,204,,2017-05-28 05:44:27,81.0,74.0,"ACC开,3D定位,天线正常","湖南省常德市汉寿县,距中湾 约347米,距大桥中心幼儿园 约361米",112.070206,28.718285,3864.854734293079,74.0
205,205,205,,2017-05-28 05:45:15,75.0,74.0,"ACC开,3D定位,天线正常","湖南省常德市汉寿县,距戴家湾 约10米,距马家冲村 约202米",112.061134,28.721825,968.2828961989503,74.0
206,206,206,,2017-05-28 05:46:03,78.0,74.0,"ACC开,3D定位,天线正常","湖南省常德市汉寿县,距帝武湾 约422米,距彭家坝 约750米",112.0523,28.727213,1049.2768755819695,74.0
207,207,207,,2017-05-28 05:46:51,84.0,75.0,"ACC开,3D定位,天线正常","湖南省常德市汉寿县,距杨家湾 约231米,距易家咀 约468米",112.04398,28.733456,1067.7210345730625,75.0
208,208,208,,2017-05-28 05:47:39,80.0,75.0,"ACC开,3D定位,天线正常","湖南省常德市汉寿县,距团山湾 约515米,距永固村 约645米",112.0351,28.739025,1064.463681395443,75.0
209,209,209,,2017-05-28 05:49:48,69.0,77.0,"ACC开,3D定位,天线正常","湖南省常德市汉寿县,距黄家湾村 约214米,距叶家庙 约254米",112.01636,28.75673,2685.8119362474013,77.0
210,210,210,,2017-05-28 05:50:35,76.0,78.0,"ACC开,3D定位,天线正常","湖南省常德市汉寿县,距唐家湾 约238米,距林家冲 约357米",112.0103,28.76321,931.7364960583682,78.0
211,211,211,,2017-05-28 05:51:23,84.0,78.0,"ACC开,3D定位,天线正常","湖南省常德市汉寿县,距井边湾 约261米,距涂家塅小学 约636米",112.00188,28.76887,1034.2539306456035,78.0
212,212,212,,2017-05-28 05:52:10,66.0,78.0,"ACC开,3D定位,天线正常","湖南省常德市汉寿县,距新屋冲 约202米,距胜文冲 约418米",111.992676,28.773764,1049.2465675497444,78.0
213,213,213,,2017-05-28 05:52:58,80.0,79.0,"ACC开,3D定位,天线正常","湖南省常德市汉寿县,距三星垸 约169米,距新堤 约593米",111.98601,28.778755,854.45504191195,79.0
214,214,214,,2017-05-28 05:55:07,79.0,81.0,"ACC开,3D定位,天线正常","湖南省常德市汉寿县S205,距湖南金能科技实业有限公司-西北门 约55米,距湖南金能科技实业有限公司 约147米",111.963295,28.79287,2713.6209487812603,81.0
215,215,215,,2017-05-28 05:55:55,61.0,81.0,"ACC开,3D定位,天线正常","湖南省常德市汉寿县金马路,距湖南徕木电子有限公司 约215米,距湖南汉寿中煤科技有限公司 约400米",111.95419,28.796196,961.2412199870123,81.0
216,216,216,,2017-05-28 05:56:44,67.0,81.0,"ACC开,3D定位,天线正常","湖南省常德市汉寿县麒麟路,距汉寿顶辉印刷有限公司 约19米,距汉寿县正月商贸有限公司 约156米",111.94558,28.79819,867.7929287428145,81.0
217,217,217,,2017-05-28 05:57:32,79.0,82.0,"ACC开,3D定位,天线正常","湖南省常德市汉寿县,距竹子陂村 约432米,距杨罗碑 约526米",111.9358,28.80033,982.2393081537981,82.0
218,218,218,,2017-05-28 05:58:20,74.0,82.0,"ACC开,3D定位,天线正常","湖南省常德市汉寿县,距贺家桥 约424米,距杨罗碑 约473米",111.925964,28.802813,997.3913024253932,82.0
219,219,219,,2017-05-28 06:02:36,77.0,87.0,"ACC开,3D定位,天线正常","湖南省常德市汉寿县,距熊家 约162米,距向阳河 约173米",111.87733,28.82448,5315.662938301474,87.0
220,220,220,,2017-05-28 06:03:24,77.0,87.0,"ACC开,3D定位,天线正常","湖南省常德市汉寿县,距马家障 约237米,距詹家坪 约438米",111.86952,28.830631,1023.0536733953276,87.0
221,221,221,,2017-05-28 06:04:12,74.0,87.0,"ACC开,3D定位,天线正常","湖南省常德市汉寿县X036,距曾家桥 约260米,距肖家湾 约377米",111.861015,28.835655,999.2242218662371,87.0
222,222,222,,2017-05-28 06:05:00,77.0,88.0,"ACC开,3D定位,天线正常","湖南省常德市汉寿县,距肖家 约90米,距耀言湾村 约267米",111.85189,28.840265,1026.0498340032618,88.0
223,223,223,,2017-05-28 06:16:06,72.0,101.0,"ACC开,3D定位,天线正常","湖南省常德市鼎城区,距汪家湾 约427米,距汇金大酒店 约509米",111.73873,28.910082,13478.700429182742,101.0
224,224,224,,2017-05-28 06:16:54,73.0,101.0,"ACC开,3D定位,天线正常","湖南省常德市武陵区,距长冲 约369米,距檀树坪村 约657米",111.7322,28.916506,956.1549754633832,101.0
225,225,225,,2017-05-28 06:17:42,71.0,101.0,"ACC开,3D定位,天线正常","湖南省常德市武陵区三一路,距常德市德山鑫七一气体充装有限公司 约354米,距常德市德山龙潭庵机械厂-东南门 约617米",111.72269,28.917736,935.6705815349233,101.0
226,226,226,,2017-05-28 06:18:30,74.0,102.0,"ACC开,3D定位,天线正常","湖南省常德市武陵区三一路,距龙潭庵学校 约324米,距常德经开区德山镇龙潭庵小学-东南门 约326米",111.71322,28.919006,932.4715563477322,102.0
227,227,227,,2017-05-28 06:19:18,68.0,102.0,"ACC开,3D定位,天线正常","湖南省常德市武陵区乾明路,距大汉汽车集团有限公司 约24米,距株木山村 约584米",111.7036,28.921783,985.9023267817986,102.0
228,228,228,,2017-05-28 06:20:06,69.0,102.0,"ACC开,3D定位,天线正常","湖南省常德市武陵区,距严家冲 约679米,距株木山村 约683米",111.69467,28.923782,897.094860097756,102.0
229,229,229,,2017-05-28 06:21:10,80.0,103.0,"ACC开,3D定位,天线正常","湖南省常德市武陵区,距刘家冲 约434米,距岩土坡 约652米",111.68072,28.92459,1360.6485421052107,103.0
230,230,230,,2017-05-28 06:21:58,73.0,103.0,"ACC开,3D定位,天线正常","湖南省常德市武陵区,距白毛坪 约792米,距汪家坪 约811米",111.67007,28.92708,1072.8345813232943,103.0
231,231,231,,2017-05-28 06:22:46,74.0,104.0,"ACC开,3D定位,天线正常","湖南省常德市鼎城区,距汪家坪 约407米,距张家堆 约554米",111.6619,28.932528,999.5826743625162,104.0
232,232,232,,2017-05-28 06:23:34,74.0,104.0,"ACC开,3D定位,天线正常","湖南省常德市鼎城区,距红星村 约353米,距下姚家 约434米",111.6536,28.938086,1017.0269213024256,104.0
233,233,233,,2017-05-28 06:24:22,79.0,104.0,"ACC开,3D定位,天线正常","湖南省常德市鼎城区桃花源路,距吴家垱 约776米,距上姚家 约820米",111.644356,28.942255,1011.9556530747898,104.0
234,234,234,,2017-05-28 06:28:38,72.0,109.0,"ACC开,3D定位,天线正常","湖南省常德市鼎城区,距伏龙坡 约43米,距南阳村 约653米",111.59151,28.955366,5344.674225319527,109.0
235,235,235,,2017-05-28 06:29:27,76.0,109.0,"ACC开,3D定位,天线正常","湖南省常德市鼎城区X052,距南阳村 约581米,距龚家坪 约633米",111.58336,28.96079000000001,996.245296659143,109.0
236,236,236,,2017-05-28 06:30:14,77.0,110.0,"ACC开,3D定位,天线正常","湖南省常德市桃源县,距中罗家岗 约460米,距张家冲 约550米",111.57773600000002,28.968348,1002.8239483996284,110.0
237,237,237,,2017-05-28 06:31:03,83.0,110.0,"ACC开,3D定位,天线正常","湖南省常德市桃源县,距陈家坪 约224米,距合罗家岗 约367米",111.576,28.978283,1117.556344921314,110.0
238,238,238,,2017-05-28 06:31:51,74.0,110.0,"ACC开,3D定位,天线正常","湖南省常德市桃源县,距李家坛 约201米,距牛金坪 约468米",111.57702,28.98728,1005.3298617449614,110.0
239,239,239,,2017-05-28 06:33:43,72.0,112.0,"ACC开,3D定位,天线正常","湖南省常德市桃源县X052,距易家桥村 约188米,距樟树村 约501米",111.578766,29.008465,2361.780208474148,112.0
240,240,240,,2017-05-28 06:34:31,78.0,112.0,"ACC开,3D定位,天线正常","湖南省常德市桃源县X052,距常德李氏布艺桃源一分店 约273米,距乐丰超市 约277米",111.577415,29.017471,1010.0033188523007,112.0
241,241,241,,2017-05-28 06:35:19,75.0,113.0,"ACC开,3D定位,天线正常","湖南省常德市桃源县X052,距三汊港村 约338米,距桃源县公安局木塘垸派出所 约454米",111.575424,29.02623,993.011074853338,113.0
242,242,242,,2017-05-28 06:36:07,73.0,113.0,"ACC开,3D定位,天线正常","湖南省常德市桃源县X052,距伍周家 约287米,距华严岗 约538米",111.57464,29.035332,1014.9639151521512,113.0
243,243,243,,2017-05-28 06:36:55,71.0,113.0,"ACC开,3D定位,天线正常","湖南省常德市桃源县,距李家湾 约325米,距华严岗 约418米",111.574425,29.043911,954.1715776863437,113.0
244,244,244,,2017-05-28 06:38:47,56.0,115.0,"ACC开,3D定位,天线正常","湖南省常德市桃源县柳叶大道,距杨风桥 约367米,距玉皇庵 约422米",111.57401000000002,29.06377800000001,2209.481000464494,115.0
245,245,245,,2017-05-28 06:39:35,0.0,115.0,"ACC开,3D定位,天线正常","湖南省常德市桃源县柳叶大道,距响水垱 约190米,距玉皇庵 约198米",111.576416,29.065159,279.7580620443909,115.0
246,246,246,,2017-05-28 06:40:22,0.0,115.0,"ACC开,3D定位,天线正常","湖南省常德市桃源县柳叶大道,距玉皇庵 约178米,距响水垱 约182米",111.576675,29.06522,26.070560795015435,115.0
247,247,247,,2017-05-28 06:41:11,14.0,115.0,"ACC开,3D定位,天线正常","湖南省常德市桃源县柳叶大道,距玉皇庵 约148米,距响水垱 约170米",111.57722,29.065401,56.6643211724558,115.0
248,248,248,,2017-05-28 06:41:59,29.0,115.0,"ACC开,3D定位,天线正常","湖南省常德市桃源县柳叶大道,距玉皇庵 约95米,距响水垱 约380米",111.57923,29.064257,233.12202445056286,115.0
249,249,249,,2017-05-28 06:43:51,52.0,116.0,"ACC开,3D定位,天线正常","湖南省常德市桃源县,距牛行 约351米,距肖家湾 约510米",111.59189,29.060343,1305.1852646340965,116.0
250,250,250,,2017-05-28 06:44:39,73.0,116.0,"ACC开,3D定位,天线正常","湖南省常德市武陵区,距河洑国家森林公园 约95米,距常德市社会主义学院 约420米",111.60046,29.057165,904.8448730010537,116.0
251,251,251,,2017-05-28 06:45:27,72.0,117.0,"ACC开,3D定位,天线正常","湖南省常德市武陵区,距常德市社会主义学院 约524米,距李家大堰 约602米",111.60972,29.05478,938.3349552404657,117.0
252,252,252,,2017-05-28 06:46:16,64.0,117.0,"ACC开,3D定位,天线正常","湖南省常德市武陵区,距荷花堰 约213米,距李家大堰 约301米",111.61884,29.053757,893.7535374970137,117.0
253,253,253,,2017-05-28 06:47:03,69.0,117.0,"ACC开,3D定位,天线正常","湖南省常德市武陵区,距朱湖 约110米,距姚家岗 约422米",111.62787,29.054089,878.5157759493767,117.0
254,254,254,,2017-05-28 06:49:28,47.0,119.0,"ACC开,3D定位,天线正常","湖南省常德市武陵区合兴路,距岩桥安置小区 约224米,距湖南申湘常德天衡汽车销售服务有限公 约322米",111.649445,29.055984,2107.6836732374886,119.0
255,255,255,,2017-05-28 06:50:16,28.0,119.0,"ACC开,3D定位,天线正常","湖南省常德市武陵区桃花源路,距常德市汇文中学 约233米,距常德如家酒店 约259米",111.6551,29.056318,550.9222679412757,119.0
256,256,256,,2017-05-28 06:51:04,8.0,119.0,"ACC开,3D定位,天线正常","湖南省常德市武陵区桃花源路,距常德市汇文中学 约159米,距聚宝安置小区 约318米",111.65565,29.055079,147.7795528482106,119.0
257,257,257,,2017-05-28 06:51:52,20.0,119.0,"ACC开,3D定位,天线正常","湖南省常德市武陵区G207(常澧路),距常德市汇文中学 约92米,距常德女子外语学校-北门 约251米",111.657845,29.054752,216.4338858584428,119.0
258,258,258,,2017-05-28 06:52:40,0.0,119.0,"ACC开,3D定位,天线正常","湖南省常德市武陵区G207(常澧路),距常德市汇文中学 约105米,距常德女子外语学校-北门 约279米",111.65753,29.054476,43.3516623569219,119.0
259,259,259,,2017-05-28 06:55:05,0.0,119.0,"ACC开,3D定位,天线正常","湖南省常德市武陵区G207(常澧路),距常德市汇文中学 约80米,距常德女子外语学校-北门 约264米",111.65771,29.054798,39.85106374805676,119.0
260,260,260,,2017-05-28 06:55:53,0.0,119.0,"ACC开,3D定位,天线正常","湖南省常德市武陵区G207(常澧路),距常德市汇文中学 约80米,距常德女子外语学校-北门 约264米",111.65771,29.054798,0.0,119.0
261,261,261,,2017-05-28 06:56:41,0.0,119.0,"ACC开,3D定位,天线正常","湖南省常德市武陵区G207(常澧路),距常德市汇文中学 约80米,距常德女子外语学校-北门 约264米",111.65771,29.054798,0.0,119.0
262,262,262,,2017-05-28 06:57:29,0.0,119.0,"ACC开,3D定位,天线正常","湖南省常德市武陵区G207(常澧路),距常德市汇文中学 约80米,距常德女子外语学校-北门 约264米",111.65771,29.054798,0.0,119.0
263,263,263,,2017-05-28 06:58:17,0.0,119.0,"ACC开,3D定位,天线正常","湖南省常德市武陵区G207(常澧路),距常德市汇文中学 约80米,距常德女子外语学校-北门 约264米",111.65771,29.054798,0.0,119.0
264,264,264,,2017-05-28 06:59:53,0.0,119.0,"ACC开,3D定位,天线正常","湖南省常德市武陵区G207(常澧路),距常德市汇文中学 约80米,距常德女子外语学校-北门 约264米",111.65771,29.054798,0.0,119.0
265,265,265,,2017-05-28 07:00:42,0.0,119.0,"ACC开,3D定位,天线正常","湖南省常德市武陵区G207(常澧路),距常德市汇文中学 约80米,距常德女子外语学校-北门 约264米",111.65771,29.054798,0.0,119.0
266,266,266,,2017-05-28 07:01:29,0.0,119.0,"ACC开,3D定位,天线正常","湖南省常德市武陵区G207(常澧路),距常德市汇文中学 约80米,距常德女子外语学校-北门 约264米",111.65771,29.054798,0.0,119.0
267,267,267,,2017-05-28 07:02:17,0.0,119.0,"ACC开,3D定位,天线正常","湖南省常德市武陵区G207(常澧路),距常德市汇文中学 约80米,距常德女子外语学校-北门 约264米",111.65771,29.054798,0.0,119.0
268,268,268,,2017-05-28 07:03:06,0.0,119.0,"ACC开,3D定位,天线正常","湖南省常德市武陵区G207(常澧路),距常德市汇文中学 约80米,距常德女子外语学校-北门 约264米",111.65771,29.054798,0.0,119.0
269,269,269,,2017-05-28 07:06:02,0.0,119.0,"ACC开,3D定位,天线正常","湖南省常德市武陵区G207(常澧路),距常德市汇文中学 约80米,距常德女子外语学校-北门 约264米",111.65771,29.054798,0.0,119.0
270,270,270,,2017-05-28 07:06:49,0.0,119.0,"ACC开,3D定位,天线正常","湖南省常德市武陵区G207(常澧路),距常德市汇文中学 约80米,距常德女子外语学校-北门 约264米",111.65771,29.054798,0.0,119.0
271,271,271,,2017-05-28 07:07:38,0.0,119.0,"ACC开,3D定位,天线正常","湖南省常德市武陵区G207(常澧路),距常德市汇文中学 约80米,距常德女子外语学校-北门 约264米",111.65771,29.054798,0.0,119.0
272,272,272,,2017-05-28 07:08:26,0.0,119.0,"ACC开,3D定位,天线正常","湖南省常德市武陵区G207(常澧路),距常德市汇文中学 约80米,距常德女子外语学校-北门 约264米",111.65771,29.054798,0.0,119.0
273,273,273,,2017-05-28 07:09:14,0.0,119.0,"ACC开,3D定位,天线正常","湖南省常德市武陵区G207(常澧路),距常德市汇文中学 约80米,距常德女子外语学校-北门 约264米",111.65771,29.054798,0.0,119.0
274,274,274,,2017-05-28 07:10:02,0.0,119.0,"ACC开,3D定位,天线正常","湖南省常德市武陵区G207(常澧路),距常德市汇文中学 约80米,距常德女子外语学校-北门 约264米",111.65771,29.054798,0.0,119.0
275,275,275,,2017-05-28 07:10:50,0.0,119.0,"ACC开,3D定位,天线正常","湖南省常德市武陵区G207(常澧路),距常德市汇文中学 约80米,距常德女子外语学校-北门 约264米",111.65771,29.054798,0.0,119.0
276,276,276,,2017-05-28 07:12:26,0.0,119.0,"ACC开,3D定位,天线正常","湖南省常德市武陵区G207(常澧路),距常德市汇文中学 约80米,距常德女子外语学校-北门 约264米",111.65771,29.054798,0.0,119.0
277,277,277,,2017-05-28 07:13:14,0.0,119.0,"ACC开,3D定位,天线正常","湖南省常德市武陵区G207(常澧路),距常德市汇文中学 约80米,距常德女子外语学校-北门 约264米",111.65771,29.054798,0.0,119.0
278,278,278,,2017-05-28 07:14:02,0.0,119.0,"ACC开,3D定位,天线正常","湖南省常德市武陵区G207(常澧路),距常德市汇文中学 约80米,距常德女子外语学校-北门 约264米",111.65771,29.054798,0.0,119.0
279,279,279,,2017-05-28 07:14:50,0.0,119.0,"ACC开,3D定位,天线正常","湖南省常德市武陵区G207(常澧路),距常德市汇文中学 约80米,距常德女子外语学校-北门 约264米",111.65771,29.054798,0.0,119.0
280,280,280,,2017-05-28 07:15:38,0.0,119.0,"ACC开,3D定位,天线正常","湖南省常德市武陵区G207(常澧路),距常德市汇文中学 约80米,距常德女子外语学校-北门 约264米",111.65771,29.054798,0.0,119.0
281,281,281,,2017-05-28 07:16:26,0.0,119.0,"ACC开,3D定位,天线正常","湖南省常德市武陵区G207(常澧路),距常德市汇文中学 约80米,距常德女子外语学校-北门 约264米",111.65771,29.054798,0.0,119.0
282,282,282,,2017-05-28 07:17:15,0.0,119.0,"ACC开,3D定位,天线正常","湖南省常德市武陵区G207(常澧路),距常德市汇文中学 约80米,距常德女子外语学校-北门 约264米",111.65771,29.054798,0.0,119.0
283,283,283,,2017-05-28 07:18:02,0.0,119.0,"ACC开,3D定位,天线正常","湖南省常德市武陵区G207(常澧路),距常德市汇文中学 约80米,距常德女子外语学校-北门 约264米",111.65771,29.054798,0.0,119.0
284,284,284,,2017-05-28 07:20:10,0.0,119.0,"ACC开,3D定位,天线正常","湖南省常德市武陵区G207(常澧路),距常德市汇文中学 约80米,距常德女子外语学校-北门 约264米",111.65771,29.054798,0.0,119.0
285,285,285,,2017-05-28 07:20:58,0.0,119.0,"ACC开,3D定位,天线正常","湖南省常德市武陵区G207(常澧路),距常德市汇文中学 约80米,距常德女子外语学校-北门 约264米",111.65771,29.054798,0.0,119.0
286,286,286,,2017-05-28 07:21:46,0.0,119.0,"ACC开,3D定位,天线正常","湖南省常德市武陵区G207(常澧路),距常德市汇文中学 约80米,距常德女子外语学校-北门 约264米",111.65771,29.054798,0.0,119.0
287,287,287,,2017-05-28 07:22:34,0.0,119.0,"ACC开,3D定位,天线正常","湖南省常德市武陵区G207(常澧路),距常德市汇文中学 约80米,距常德女子外语学校-北门 约264米",111.65771,29.054798,0.0,119.0
288,288,288,,2017-05-28 07:23:22,0.0,119.0,"ACC开,3D定位,天线正常","湖南省常德市武陵区G207(常澧路),距常德市汇文中学 约80米,距常德女子外语学校-北门 约264米",111.65771,29.054798,0.0,119.0
289,289,289,,2017-05-28 07:25:47,0.0,119.0,"ACC开,3D定位,天线正常","湖南省常德市武陵区G207(常澧路),距常德市汇文中学 约80米,距常德女子外语学校-北门 约264米",111.65771,29.054798,0.0,119.0
290,290,290,,2017-05-28 07:26:35,0.0,119.0,"ACC开,3D定位,天线正常","湖南省常德市武陵区G207(常澧路),距常德市汇文中学 约80米,距常德女子外语学校-北门 约264米",111.65771,29.054798,0.0,119.0
291,291,291,,2017-05-28 07:27:23,0.0,119.0,"ACC开,3D定位,天线正常","湖南省常德市武陵区G207(常澧路),距常德市汇文中学 约80米,距常德女子外语学校-北门 约264米",111.65771,29.054798,0.0,119.0
292,292,292,,2017-05-28 07:28:11,0.0,119.0,"ACC开,3D定位,天线正常","湖南省常德市武陵区G207(常澧路),距常德市汇文中学 约80米,距常德女子外语学校-北门 约264米",111.65771,29.054798,0.0,119.0
293,293,293,,2017-05-28 07:28:59,0.0,119.0,"ACC开,3D定位,天线正常","湖南省常德市武陵区G207(常澧路),距常德市汇文中学 约80米,距常德女子外语学校-北门 约264米",111.65771,29.054798,0.0,119.0
294,294,294,,2017-05-28 07:31:39,0.0,119.0,"ACC开,3D定位,天线正常","湖南省常德市武陵区G207(常澧路),距常德市汇文中学 约80米,距常德女子外语学校-北门 约264米",111.65771,29.054798,0.0,119.0
295,295,295,,2017-05-28 07:32:27,0.0,119.0,"ACC开,3D定位,天线正常","湖南省常德市武陵区G207(常澧路),距常德市汇文中学 约80米,距常德女子外语学校-北门 约264米",111.65771,29.054798,0.0,119.0
296,296,296,,2017-05-28 07:33:15,0.0,119.0,"ACC开,3D定位,天线正常","湖南省常德市武陵区G207(常澧路),距常德市汇文中学 约80米,距常德女子外语学校-北门 约264米",111.65771,29.054798,0.0,119.0
297,297,297,,2017-05-28 07:34:03,0.0,119.0,"ACC开,3D定位,天线正常","湖南省常德市武陵区G207(常澧路),距常德市汇文中学 约80米,距常德女子外语学校-北门 约264米",111.65771,29.054798,0.0,119.0
298,298,298,,2017-05-28 07:34:51,0.0,119.0,"ACC开,3D定位,天线正常","湖南省常德市武陵区G207(常澧路),距常德市汇文中学 约80米,距常德女子外语学校-北门 约264米",111.65771,29.054798,0.0,119.0
299,299,299,,2017-05-28 07:37:31,0.0,119.0,"ACC开,3D定位,天线正常","湖南省常德市武陵区G207(常澧路),距常德市汇文中学 约80米,距常德女子外语学校-北门 约264米",111.65771,29.054798,0.0,119.0
300,300,300,,2017-05-28 07:38:20,0.0,119.0,"ACC开,3D定位,天线正常","湖南省常德市武陵区G207(常澧路),距常德市汇文中学 约80米,距常德女子外语学校-北门 约264米",111.65771,29.054798,0.0,119.0
301,301,301,,2017-05-28 07:39:07,0.0,119.0,"ACC开,3D定位,天线正常","湖南省常德市武陵区G207(常澧路),距常德市汇文中学 约80米,距常德女子外语学校-北门 约264米",111.65771,29.054798,0.0,119.0
302,302,302,,2017-05-28 07:39:55,0.0,119.0,"ACC开,3D定位,天线正常","湖南省常德市武陵区G207(常澧路),距常德市汇文中学 约80米,距常德女子外语学校-北门 约264米",111.65771,29.054798,0.0,119.0
303,303,303,,2017-05-28 07:40:44,0.0,119.0,"ACC开,3D定位,天线正常","湖南省常德市武陵区G207(常澧路),距常德市汇文中学 约80米,距常德女子外语学校-北门 约264米",111.65771,29.054798,0.0,119.0
304,304,304,,2017-05-28 07:43:24,0.0,119.0,"ACC开,3D定位,天线正常","湖南省常德市武陵区G207(常澧路),距常德市汇文中学 约80米,距常德女子外语学校-北门 约264米",111.65771,29.054798,0.0,119.0
305,305,305,,2017-05-28 07:44:12,0.0,119.0,"ACC开,3D定位,天线正常","湖南省常德市武陵区G207(常澧路),距常德市汇文中学 约80米,距常德女子外语学校-北门 约264米",111.65771,29.054798,0.0,119.0
306,306,306,,2017-05-28 07:45:00,0.0,119.0,"ACC开,3D定位,天线正常","湖南省常德市武陵区G207(常澧路),距常德市汇文中学 约80米,距常德女子外语学校-北门 约264米",111.65771,29.054798,0.0,119.0
307,307,307,,2017-05-28 07:45:48,0.0,119.0,"ACC开,3D定位,天线正常","湖南省常德市武陵区G207(常澧路),距常德市汇文中学 约80米,距常德女子外语学校-北门 约264米",111.65771,29.054798,0.0,119.0
308,308,308,,2017-05-28 07:46:36,0.0,119.0,"ACC开,3D定位,天线正常","湖南省常德市武陵区G207(常澧路),距常德市汇文中学 约80米,距常德女子外语学校-北门 约264米",111.65771,29.054798,0.0,119.0
309,309,309,,2017-05-28 07:49:00,0.0,119.0,"ACC开,3D定位,天线正常","湖南省常德市武陵区G207(常澧路),距常德市汇文中学 约80米,距常德女子外语学校-北门 约264米",111.65771,29.054798,0.0,119.0
310,310,310,,2017-05-28 07:49:48,0.0,119.0,"ACC开,3D定位,天线正常","湖南省常德市武陵区G207(常澧路),距常德市汇文中学 约80米,距常德女子外语学校-北门 约264米",111.65771,29.054798,0.0,119.0
311,311,311,,2017-05-28 07:50:36,0.0,119.0,"ACC开,3D定位,天线正常","湖南省常德市武陵区G207(常澧路),距常德市汇文中学 约80米,距常德女子外语学校-北门 约264米",111.65771,29.054798,0.0,119.0
312,312,312,,2017-05-28 07:51:24,0.0,119.0,"ACC开,3D定位,天线正常","湖南省常德市武陵区G207(常澧路),距常德市汇文中学 约80米,距常德女子外语学校-北门 约264米",111.65771,29.054798,0.0,119.0
313,313,313,,2017-05-28 07:52:12,0.0,119.0,"ACC开,3D定位,天线正常","湖南省常德市武陵区G207(常澧路),距常德市汇文中学 约80米,距常德女子外语学校-北门 约264米",111.65771,29.054798,0.0,119.0
314,314,314,,2017-05-28 07:54:36,0.0,119.0,"ACC开,3D定位,天线正常","湖南省常德市武陵区G207(常澧路),距常德市汇文中学 约80米,距常德女子外语学校-北门 约264米",111.65771,29.054798,0.0,119.0
315,315,315,,2017-05-28 07:55:24,0.0,119.0,"ACC开,3D定位,天线正常","湖南省常德市武陵区G207(常澧路),距常德市汇文中学 约80米,距常德女子外语学校-北门 约264米",111.65771,29.054798,0.0,119.0
316,316,316,,2017-05-28 07:56:13,0.0,119.0,"ACC开,3D定位,天线正常","湖南省常德市武陵区G207(常澧路),距常德市汇文中学 约80米,距常德女子外语学校-北门 约264米",111.65771,29.054798,0.0,119.0
317,317,317,,2017-05-28 07:57:01,0.0,119.0,"ACC开,3D定位,天线正常","湖南省常德市武陵区G207(常澧路),距常德市汇文中学 约80米,距常德女子外语学校-北门 约264米",111.65771,29.054798,0.0,119.0
318,318,318,,2017-05-28 07:57:49,0.0,119.0,"ACC开,3D定位,天线正常","湖南省常德市武陵区G207(常澧路),距常德市汇文中学 约80米,距常德女子外语学校-北门 约264米",111.65771,29.054798,0.0,119.0
319,319,319,,2017-05-28 08:01:01,0.0,119.0,"ACC开,3D定位,天线正常","湖南省常德市武陵区G207(常澧路),距常德市汇文中学 约80米,距常德女子外语学校-北门 约264米",111.65771,29.054798,0.0,119.0
320,320,320,,2017-05-28 08:01:49,0.0,119.0,"ACC开,3D定位,天线正常","湖南省常德市武陵区G207(常澧路),距常德市汇文中学 约80米,距常德女子外语学校-北门 约264米",111.65771,29.054798,0.0,119.0
321,321,321,,2017-05-28 08:02:37,0.0,119.0,"ACC开,3D定位,天线正常","湖南省常德市武陵区G207(常澧路),距常德市汇文中学 约80米,距常德女子外语学校-北门 约264米",111.65771,29.054798,0.0,119.0
322,322,322,,2017-05-28 08:03:25,0.0,119.0,"ACC开,3D定位,天线正常","湖南省常德市武陵区G207(常澧路),距常德市汇文中学 约80米,距常德女子外语学校-北门 约264米",111.65771,29.054798,0.0,119.0
323,323,323,,2017-05-28 08:04:13,0.0,119.0,"ACC开,3D定位,天线正常","湖南省常德市武陵区G207(常澧路),距常德市汇文中学 约80米,距常德女子外语学校-北门 约264米",111.65771,29.054798,0.0,119.0
324,324,324,,2017-05-28 08:06:54,0.0,119.0,"ACC开,3D定位,天线正常","湖南省常德市武陵区G207(常澧路),距常德市汇文中学 约80米,距常德女子外语学校-北门 约264米",111.65771,29.054798,0.0,119.0
325,325,325,,2017-05-28 08:07:41,0.0,119.0,"ACC开,3D定位,天线正常","湖南省常德市武陵区G207(常澧路),距常德市汇文中学 约80米,距常德女子外语学校-北门 约264米",111.65771,29.054798,0.0,119.0
326,326,326,,2017-05-28 08:08:29,0.0,119.0,"ACC开,3D定位,天线正常","湖南省常德市武陵区G207(常澧路),距常德市汇文中学 约80米,距常德女子外语学校-北门 约264米",111.65771,29.054798,0.0,119.0
327,327,327,,2017-05-28 08:09:17,0.0,119.0,"ACC开,3D定位,天线正常","湖南省常德市武陵区G207(常澧路),距常德市汇文中学 约80米,距常德女子外语学校-北门 约264米",111.65771,29.054798,0.0,119.0
328,328,328,,2017-05-28 08:10:05,0.0,119.0,"ACC开,3D定位,天线正常","湖南省常德市武陵区G207(常澧路),距常德市汇文中学 约80米,距常德女子外语学校-北门 约264米",111.65771,29.054798,0.0,119.0
329,329,329,,2017-05-28 08:10:53,0.0,119.0,"ACC开,3D定位,天线正常","湖南省常德市武陵区G207(常澧路),距常德市汇文中学 约80米,距常德女子外语学校-北门 约264米",111.65771,29.054798,0.0,119.0
330,330,330,,2017-05-28 08:12:14,0.0,119.0,"ACC开,3D定位,天线正常","湖南省常德市武陵区G207(常澧路),距常德市汇文中学 约80米,距常德女子外语学校-北门 约264米",111.65771,29.054798,0.0,119.0
331,331,331,,2017-05-28 08:13:01,0.0,119.0,"ACC开,3D定位,天线正常","湖南省常德市武陵区G207(常澧路),距常德市汇文中学 约80米,距常德女子外语学校-北门 约264米",111.65771,29.054798,0.0,119.0
332,332,332,,2017-05-28 08:13:50,0.0,119.0,"ACC开,3D定位,天线正常","湖南省常德市武陵区G207(常澧路),距常德市汇文中学 约80米,距常德女子外语学校-北门 约264米",111.65771,29.054798,0.0,119.0
333,333,333,,2017-05-28 08:14:38,0.0,119.0,"ACC开,3D定位,天线正常","湖南省常德市武陵区G207(常澧路),距常德市汇文中学 约80米,距常德女子外语学校-北门 约264米",111.65771,29.054798,0.0,119.0
334,334,334,,2017-05-28 08:15:26,0.0,119.0,"ACC开,3D定位,天线正常","湖南省常德市武陵区G207(常澧路),距常德市汇文中学 约80米,距常德女子外语学校-北门 约264米",111.65771,29.054798,0.0,119.0
335,335,335,,2017-05-28 08:16:14,0.0,119.0,"ACC开,3D定位,天线正常","湖南省常德市武陵区G207(常澧路),距常德市汇文中学 约80米,距常德女子外语学校-北门 约264米",111.65771,29.054798,0.0,119.0
336,336,336,,2017-05-28 08:17:02,0.0,119.0,"ACC开,3D定位,天线正常","湖南省常德市武陵区G207(常澧路),距常德市汇文中学 约80米,距常德女子外语学校-北门 约264米",111.65771,29.054798,0.0,119.0
337,337,337,,2017-05-28 08:17:50,0.0,119.0,"ACC开,3D定位,天线正常","湖南省常德市武陵区G207(常澧路),距常德市汇文中学 约80米,距常德女子外语学校-北门 约264米",111.65771,29.054798,0.0,119.0
338,338,338,,2017-05-28 08:18:38,0.0,119.0,"ACC开,3D定位,天线正常","湖南省常德市武陵区G207(常澧路),距常德市汇文中学 约80米,距常德女子外语学校-北门 约264米",111.65771,29.054798,0.0,119.0
339,339,339,,2017-05-28 08:19:26,0.0,119.0,"ACC开,3D定位,天线正常","湖南省常德市武陵区G207(常澧路),距常德市汇文中学 约80米,距常德女子外语学校-北门 约264米",111.65771,29.054798,0.0,119.0
340,340,340,,2017-05-28 08:20:14,0.0,119.0,"ACC开,3D定位,天线正常","湖南省常德市武陵区G207(常澧路),距常德市汇文中学 约80米,距常德女子外语学校-北门 约264米",111.65771,29.054798,0.0,119.0
341,341,341,,2017-05-28 08:21:02,0.0,119.0,"ACC开,3D定位,天线正常","湖南省常德市武陵区G207(常澧路),距常德市汇文中学 约80米,距常德女子外语学校-北门 约264米",111.65771,29.054798,0.0,119.0
342,342,342,,2017-05-28 08:21:50,0.0,119.0,"ACC开,3D定位,天线正常","湖南省常德市武陵区G207(常澧路),距常德市汇文中学 约80米,距常德女子外语学校-北门 约264米",111.65771,29.054798,0.0,119.0
343,343,343,,2017-05-28 08:24:14,0.0,119.0,"ACC开,3D定位,天线正常","湖南省常德市武陵区G207(常澧路),距常德市汇文中学 约80米,距常德女子外语学校-北门 约264米",111.65771,29.054798,0.0,119.0
344,344,344,,2017-05-28 08:25:02,0.0,119.0,"ACC开,3D定位,天线正常","湖南省常德市武陵区G207(常澧路),距常德市汇文中学 约80米,距常德女子外语学校-北门 约264米",111.65771,29.054798,0.0,119.0
345,345,345,,2017-05-28 08:25:50,0.0,119.0,"ACC开,3D定位,天线正常","湖南省常德市武陵区G207(常澧路),距常德市汇文中学 约80米,距常德女子外语学校-北门 约264米",111.65771,29.054798,0.0,119.0
346,346,346,,2017-05-28 08:26:38,0.0,119.0,"ACC开,3D定位,天线正常","湖南省常德市武陵区G207(常澧路),距常德市汇文中学 约80米,距常德女子外语学校-北门 约264米",111.65771,29.054798,0.0,119.0
347,347,347,,2017-05-28 08:27:26,0.0,119.0,"ACC开,3D定位,天线正常","湖南省常德市武陵区G207(常澧路),距常德市汇文中学 约80米,距常德女子外语学校-北门 约264米",111.65771,29.054798,0.0,119.0
348,348,348,,2017-05-28 08:31:10,0.0,119.0,"ACC开,3D定位,天线正常","湖南省常德市武陵区G207(常澧路),距常德市汇文中学 约80米,距常德女子外语学校-北门 约264米",111.65771,29.054798,0.0,119.0
349,349,349,,2017-05-28 08:31:59,0.0,119.0,"ACC开,3D定位,天线正常","湖南省常德市武陵区G207(常澧路),距常德市汇文中学 约80米,距常德女子外语学校-北门 约264米",111.65771,29.054798,0.0,119.0
350,350,350,,2017-05-28 08:32:47,0.0,119.0,"ACC开,3D定位,天线正常","湖南省常德市武陵区G207(常澧路),距常德市汇文中学 约80米,距常德女子外语学校-北门 约264米",111.65771,29.054798,0.0,119.0
351,351,351,,2017-05-28 08:33:35,0.0,119.0,"ACC开,3D定位,天线正常","湖南省常德市武陵区G207(常澧路),距常德市汇文中学 约80米,距常德女子外语学校-北门 约264米",111.65771,29.054798,0.0,119.0
352,352,352,,2017-05-28 08:34:23,0.0,119.0,"ACC开,3D定位,天线正常","湖南省常德市武陵区G207(常澧路),距常德市汇文中学 约80米,距常德女子外语学校-北门 约264米",111.65771,29.054798,0.0,119.0
353,353,353,,2017-05-28 08:37:51,0.0,119.0,"ACC开,3D定位,天线正常","湖南省常德市武陵区G207(常澧路),距常德市汇文中学 约80米,距常德女子外语学校-北门 约264米",111.65771,29.054798,0.0,119.0
354,354,354,,2017-05-28 08:38:39,0.0,119.0,"ACC开,3D定位,天线正常","湖南省常德市武陵区G207(常澧路),距常德市汇文中学 约80米,距常德女子外语学校-北门 约264米",111.65771,29.054798,0.0,119.0
355,355,355,,2017-05-28 08:39:27,0.0,119.0,"ACC开,3D定位,天线正常","湖南省常德市武陵区G207(常澧路),距常德市汇文中学 约80米,距常德女子外语学校-北门 约264米",111.65771,29.054798,0.0,119.0
356,356,356,,2017-05-28 08:40:15,0.0,119.0,"ACC开,3D定位,天线正常","湖南省常德市武陵区G207(常澧路),距常德市汇文中学 约80米,距常德女子外语学校-北门 约264米",111.65771,29.054798,0.0,119.0
357,357,357,,2017-05-28 08:41:03,0.0,119.0,"ACC开,3D定位,天线正常","湖南省常德市武陵区G207(常澧路),距常德市汇文中学 约80米,距常德女子外语学校-北门 约264米",111.65771,29.054798,0.0,119.0
358,358,358,,2017-05-28 08:43:43,0.0,119.0,"ACC开,3D定位,天线正常","湖南省常德市武陵区G207(常澧路),距常德市汇文中学 约80米,距常德女子外语学校-北门 约264米",111.65771,29.054798,0.0,119.0
359,359,359,,2017-05-28 08:44:31,0.0,119.0,"ACC开,3D定位,天线正常","湖南省常德市武陵区G207(常澧路),距常德市汇文中学 约80米,距常德女子外语学校-北门 约264米",111.65771,29.054798,0.0,119.0
360,360,360,,2017-05-28 08:45:19,0.0,119.0,"ACC开,3D定位,天线正常","湖南省常德市武陵区G207(常澧路),距常德市汇文中学 约80米,距常德女子外语学校-北门 约264米",111.65771,29.054798,0.0,119.0
361,361,361,,2017-05-28 08:46:07,0.0,119.0,"ACC开,3D定位,天线正常","湖南省常德市武陵区G207(常澧路),距常德市汇文中学 约80米,距常德女子外语学校-北门 约264米",111.65771,29.054798,0.0,119.0
362,362,362,,2017-05-28 08:46:55,0.0,119.0,"ACC开,3D定位,天线正常","湖南省常德市武陵区G207(常澧路),距常德市汇文中学 约80米,距常德女子外语学校-北门 约264米",111.65771,29.054798,0.0,119.0
363,363,363,,2017-05-28 08:49:52,0.0,119.0,"ACC开,3D定位,天线正常","湖南省常德市武陵区G207(常澧路),距常德市汇文中学 约80米,距常德女子外语学校-北门 约264米",111.65771,29.054798,0.0,119.0
364,364,364,,2017-05-28 08:50:40,0.0,119.0,"ACC开,3D定位,天线正常","湖南省常德市武陵区G207(常澧路),距常德市汇文中学 约80米,距常德女子外语学校-北门 约264米",111.65771,29.054798,0.0,119.0
365,365,365,,2017-05-28 08:51:28,0.0,119.0,"ACC开,3D定位,天线正常","湖南省常德市武陵区G207(常澧路),距常德市汇文中学 约80米,距常德女子外语学校-北门 约264米",111.65771,29.054798,0.0,119.0
366,366,366,,2017-05-28 08:52:16,0.0,119.0,"ACC开,3D定位,天线正常","湖南省常德市武陵区G207(常澧路),距常德市汇文中学 约80米,距常德女子外语学校-北门 约264米",111.65771,29.054798,0.0,119.0
367,367,367,,2017-05-28 08:53:04,0.0,119.0,"ACC开,3D定位,天线正常","湖南省常德市武陵区G207(常澧路),距常德市汇文中学 约80米,距常德女子外语学校-北门 约264米",111.65771,29.054798,0.0,119.0
368,368,368,,2017-05-28 08:54:24,0.0,119.0,"ACC开,3D定位,天线正常","湖南省常德市武陵区G207(常澧路),距常德市汇文中学 约80米,距常德女子外语学校-北门 约264米",111.65771,29.054798,0.0,119.0
369,369,369,,2017-05-28 08:55:12,0.0,119.0,"ACC开,3D定位,天线正常","湖南省常德市武陵区G207(常澧路),距常德市汇文中学 约80米,距常德女子外语学校-北门 约264米",111.65771,29.054798,0.0,119.0
370,370,370,,2017-05-28 08:56:00,0.0,119.0,"ACC开,3D定位,天线正常","湖南省常德市武陵区G207(常澧路),距常德市汇文中学 约80米,距常德女子外语学校-北门 约264米",111.65771,29.054798,0.0,119.0
371,371,371,,2017-05-28 08:56:48,0.0,119.0,"ACC开,3D定位,天线正常","湖南省常德市武陵区G207(常澧路),距常德市汇文中学 约80米,距常德女子外语学校-北门 约264米",111.65771,29.054798,0.0,119.0
372,372,372,,2017-05-28 08:57:36,0.0,119.0,"ACC开,3D定位,天线正常","湖南省常德市武陵区G207(常澧路),距常德市汇文中学 约80米,距常德女子外语学校-北门 约264米",111.65771,29.054798,0.0,119.0
373,373,373,,2017-05-28 08:59:44,0.0,119.0,"ACC开,3D定位,天线正常","湖南省常德市武陵区G207(常澧路),距常德市汇文中学 约80米,距常德女子外语学校-北门 约264米",111.65771,29.054798,0.0,119.0
374,374,374,,2017-05-28 09:00:32,0.0,119.0,"ACC开,3D定位,天线正常","湖南省常德市武陵区G207(常澧路),距常德市汇文中学 约80米,距常德女子外语学校-北门 约264米",111.65771,29.054798,0.0,119.0
375,375,375,,2017-05-28 09:01:20,0.0,119.0,"ACC开,3D定位,天线正常","湖南省常德市武陵区G207(常澧路),距常德市汇文中学 约80米,距常德女子外语学校-北门 约264米",111.65771,29.054798,0.0,119.0
376,376,376,,2017-05-28 09:02:08,0.0,119.0,"ACC开,3D定位,天线正常","湖南省常德市武陵区G207(常澧路),距常德市汇文中学 约80米,距常德女子外语学校-北门 约264米",111.65771,29.054798,0.0,119.0
377,377,377,,2017-05-28 09:02:57,0.0,119.0,"ACC开,3D定位,天线正常","湖南省常德市武陵区G207(常澧路),距常德市汇文中学 约80米,距常德女子外语学校-北门 约264米",111.65771,29.054798,0.0,119.0
378,378,378,,2017-05-28 09:05:52,0.0,119.0,"ACC开,3D定位,天线正常","湖南省常德市武陵区G207(常澧路),距常德市汇文中学 约80米,距常德女子外语学校-北门 约264米",111.65771,29.054798,0.0,119.0
379,379,379,,2017-05-28 09:06:41,0.0,119.0,"ACC开,3D定位,天线正常","湖南省常德市武陵区G207(常澧路),距常德市汇文中学 约80米,距常德女子外语学校-北门 约264米",111.65771,29.054798,0.0,119.0
380,380,380,,2017-05-28 09:07:29,0.0,119.0,"ACC开,3D定位,天线正常","湖南省常德市武陵区G207(常澧路),距常德市汇文中学 约80米,距常德女子外语学校-北门 约264米",111.65771,29.054798,0.0,119.0
381,381,381,,2017-05-28 09:08:17,0.0,119.0,"ACC开,3D定位,天线正常","湖南省常德市武陵区G207(常澧路),距常德市汇文中学 约80米,距常德女子外语学校-北门 约264米",111.65771,29.054798,0.0,119.0
382,382,382,,2017-05-28 09:09:05,0.0,119.0,"ACC开,3D定位,天线正常","湖南省常德市武陵区G207(常澧路),距常德市汇文中学 约80米,距常德女子外语学校-北门 约264米",111.65771,29.054798,0.0,119.0
383,383,383,,2017-05-28 09:09:53,0.0,119.0,"ACC开,3D定位,天线正常","湖南省常德市武陵区G207(常澧路),距常德市汇文中学 约80米,距常德女子外语学校-北门 约264米",111.65771,29.054798,0.0,119.0
384,384,384,,2017-05-28 09:10:41,0.0,119.0,"ACC开,3D定位,天线正常","湖南省常德市武陵区G207(常澧路),距常德市汇文中学 约80米,距常德女子外语学校-北门 约264米",111.65771,29.054798,0.0,119.0
385,385,385,,2017-05-28 09:13:37,0.0,119.0,"ACC开,3D定位,天线正常","湖南省常德市武陵区G207(常澧路),距常德市汇文中学 约80米,距常德女子外语学校-北门 约264米",111.65771,29.054798,0.0,119.0
386,386,386,,2017-05-28 09:14:25,0.0,119.0,"ACC开,3D定位,天线正常","湖南省常德市武陵区G207(常澧路),距常德市汇文中学 约80米,距常德女子外语学校-北门 约264米",111.65771,29.054798,0.0,119.0
387,387,387,,2017-05-28 09:15:13,0.0,119.0,"ACC开,3D定位,天线正常","湖南省常德市武陵区G207(常澧路),距常德市汇文中学 约80米,距常德女子外语学校-北门 约264米",111.65771,29.054798,0.0,119.0
388,388,388,,2017-05-28 09:16:01,0.0,119.0,"ACC开,3D定位,天线正常","湖南省常德市武陵区G207(常澧路),距常德市汇文中学 约80米,距常德女子外语学校-北门 约264米",111.65771,29.054798,0.0,119.0
389,389,389,,2017-05-28 09:16:49,0.0,119.0,"ACC开,3D定位,天线正常","湖南省常德市武陵区G207(常澧路),距常德市汇文中学 约80米,距常德女子外语学校-北门 约264米",111.65771,29.054798,0.0,119.0
390,390,390,,2017-05-28 09:19:13,0.0,119.0,"ACC开,3D定位,天线正常","湖南省常德市武陵区G207(常澧路),距常德市汇文中学 约80米,距常德女子外语学校-北门 约264米",111.65771,29.054798,0.0,119.0
391,391,391,,2017-05-28 09:20:00,0.0,119.0,"ACC开,3D定位,天线正常","湖南省常德市武陵区G207(常澧路),距常德市汇文中学 约80米,距常德女子外语学校-北门 约264米",111.65771,29.054798,0.0,119.0
392,392,392,,2017-05-28 09:20:49,0.0,119.0,"ACC开,3D定位,天线正常","湖南省常德市武陵区G207(常澧路),距常德市汇文中学 约80米,距常德女子外语学校-北门 约264米",111.65771,29.054798,0.0,119.0
393,393,393,,2017-05-28 09:21:37,0.0,119.0,"ACC开,3D定位,天线正常","湖南省常德市武陵区G207(常澧路),距常德市汇文中学 约80米,距常德女子外语学校-北门 约264米",111.65771,29.054798,0.0,119.0
394,394,394,,2017-05-28 09:22:25,0.0,119.0,"ACC开,3D定位,天线正常","湖南省常德市武陵区G207(常澧路),距常德市汇文中学 约80米,距常德女子外语学校-北门 约264米",111.65771,29.054798,0.0,119.0
395,395,395,,2017-05-28 09:25:38,0.0,119.0,"ACC开,3D定位,天线正常","湖南省常德市武陵区G207(常澧路),距常德市汇文中学 约80米,距常德女子外语学校-北门 约264米",111.65771,29.054798,0.0,119.0
396,396,396,,2017-05-28 09:26:26,0.0,119.0,"ACC开,3D定位,天线正常","湖南省常德市武陵区G207(常澧路),距常德市汇文中学 约80米,距常德女子外语学校-北门 约264米",111.65771,29.054798,0.0,119.0
397,397,397,,2017-05-28 09:27:14,0.0,119.0,"ACC开,3D定位,天线正常","湖南省常德市武陵区G207(常澧路),距常德市汇文中学 约80米,距常德女子外语学校-北门 约264米",111.65771,29.054798,0.0,119.0
398,398,398,,2017-05-28 09:28:02,0.0,119.0,"ACC开,3D定位,天线正常","湖南省常德市武陵区G207(常澧路),距常德市汇文中学 约80米,距常德女子外语学校-北门 约264米",111.65771,29.054798,0.0,119.0
399,399,399,,2017-05-28 09:28:50,0.0,119.0,"ACC开,3D定位,天线正常","湖南省常德市武陵区G207(常澧路),距常德市汇文中学 约80米,距常德女子外语学校-北门 约264米",111.65771,29.054798,0.0,119.0
400,400,400,,2017-05-28 09:30:58,0.0,119.0,"ACC开,3D定位,天线正常","湖南省常德市武陵区G207(常澧路),距常德市汇文中学 约80米,距常德女子外语学校-北门 约264米",111.65771,29.054798,0.0,119.0
401,401,401,,2017-05-28 09:31:46,0.0,119.0,"ACC开,3D定位,天线正常","湖南省常德市武陵区G207(常澧路),距常德市汇文中学 约80米,距常德女子外语学校-北门 约264米",111.65771,29.054798,0.0,119.0
402,402,402,,2017-05-28 09:32:35,0.0,119.0,"ACC开,3D定位,天线正常","湖南省常德市武陵区G207(常澧路),距常德市汇文中学 约80米,距常德女子外语学校-北门 约264米",111.65771,29.054798,0.0,119.0
403,403,403,,2017-05-28 09:33:23,0.0,119.0,"ACC开,3D定位,天线正常","湖南省常德市武陵区G207(常澧路),距常德市汇文中学 约80米,距常德女子外语学校-北门 约264米",111.65771,29.054798,0.0,119.0
404,404,404,,2017-05-28 09:34:11,0.0,119.0,"ACC开,3D定位,天线正常","湖南省常德市武陵区G207(常澧路),距常德市汇文中学 约80米,距常德女子外语学校-北门 约264米",111.65771,29.054798,0.0,119.0
405,405,405,,2017-05-28 09:35:30,0.0,119.0,"ACC开,3D定位,天线正常","湖南省常德市武陵区G207(常澧路),距常德市汇文中学 约80米,距常德女子外语学校-北门 约264米",111.65771,29.054798,0.0,119.0
406,406,406,,2017-05-28 09:36:17,0.0,119.0,"ACC开,3D定位,天线正常","湖南省常德市武陵区G207(常澧路),距常德市汇文中学 约80米,距常德女子外语学校-北门 约264米",111.65771,29.054798,0.0,119.0
407,407,407,,2017-05-28 09:37:05,0.0,119.0,"ACC开,3D定位,天线正常","湖南省常德市武陵区G207(常澧路),距常德市汇文中学 约80米,距常德女子外语学校-北门 约264米",111.65771,29.054798,0.0,119.0
408,408,408,,2017-05-28 09:37:54,0.0,119.0,"ACC开,3D定位,天线正常","湖南省常德市武陵区G207(常澧路),距常德市汇文中学 约80米,距常德女子外语学校-北门 约264米",111.65771,29.054798,0.0,119.0
409,409,409,,2017-05-28 09:38:42,0.0,119.0,"ACC开,3D定位,天线正常","湖南省常德市武陵区G207(常澧路),距常德市汇文中学 约80米,距常德女子外语学校-北门 约264米",111.65771,29.054798,0.0,119.0
410,410,410,,2017-05-28 09:41:07,0.0,119.0,"ACC开,3D定位,天线正常","湖南省常德市武陵区G207(常澧路),距常德市汇文中学 约80米,距常德女子外语学校-北门 约264米",111.65771,29.054798,0.0,119.0
411,411,411,,2017-05-28 09:41:55,0.0,119.0,"ACC开,3D定位,天线正常","湖南省常德市武陵区G207(常澧路),距常德市汇文中学 约80米,距常德女子外语学校-北门 约264米",111.65771,29.054798,0.0,119.0
412,412,412,,2017-05-28 09:42:43,0.0,119.0,"ACC开,3D定位,天线正常","湖南省常德市武陵区G207(常澧路),距常德市汇文中学 约80米,距常德女子外语学校-北门 约264米",111.65771,29.054798,0.0,119.0
413,413,413,,2017-05-28 09:43:31,0.0,119.0,"ACC开,3D定位,天线正常","湖南省常德市武陵区G207(常澧路),距常德市汇文中学 约80米,距常德女子外语学校-北门 约264米",111.65771,29.054798,0.0,119.0
414,414,414,,2017-05-28 09:44:19,0.0,119.0,"ACC开,3D定位,天线正常","湖南省常德市武陵区G207(常澧路),距常德市汇文中学 约80米,距常德女子外语学校-北门 约264米",111.65771,29.054798,0.0,119.0
415,415,415,,2017-05-28 09:46:11,0.0,119.0,"ACC开,3D定位,天线正常","湖南省常德市武陵区G207(常澧路),距常德市汇文中学 约80米,距常德女子外语学校-北门 约264米",111.65771,29.054798,0.0,119.0
416,416,416,,2017-05-28 09:46:59,0.0,119.0,"ACC开,3D定位,天线正常","湖南省常德市武陵区G207(常澧路),距常德市汇文中学 约80米,距常德女子外语学校-北门 约264米",111.65771,29.054798,0.0,119.0
417,417,417,,2017-05-28 09:47:47,0.0,119.0,"ACC开,3D定位,天线正常","湖南省常德市武陵区G207(常澧路),距常德市汇文中学 约80米,距常德女子外语学校-北门 约264米",111.65771,29.054798,0.0,119.0
418,418,418,,2017-05-28 09:48:35,0.0,119.0,"ACC开,3D定位,天线正常","湖南省常德市武陵区G207(常澧路),距常德市汇文中学 约80米,距常德女子外语学校-北门 约264米",111.65771,29.054798,0.0,119.0
419,419,419,,2017-05-28 09:54:12,0.0,119.0,"ACC开,3D定位,天线正常","湖南省常德市武陵区G207(常澧路),距常德市汇文中学 约80米,距常德女子外语学校-北门 约264米",111.65771,29.054798,0.0,119.0
420,420,420,,2017-05-28 09:54:59,0.0,119.0,"ACC开,3D定位,天线正常","湖南省常德市武陵区G207(常澧路),距常德市汇文中学 约80米,距常德女子外语学校-北门 约264米",111.65771,29.054798,0.0,119.0
421,421,421,,2017-05-28 09:55:47,0.0,119.0,"ACC开,3D定位,天线正常","湖南省常德市武陵区G207(常澧路),距常德市汇文中学 约80米,距常德女子外语学校-北门 约264米",111.65771,29.054798,0.0,119.0
422,422,422,,2017-05-28 09:56:35,0.0,119.0,"ACC开,3D定位,天线正常","湖南省常德市武陵区G207(常澧路),距常德市汇文中学 约80米,距常德女子外语学校-北门 约264米",111.65771,29.054798,0.0,119.0
423,423,423,,2017-05-28 09:57:24,0.0,119.0,"ACC开,3D定位,天线正常","湖南省常德市武陵区G207(常澧路),距常德市汇文中学 约80米,距常德女子外语学校-北门 约264米",111.65771,29.054798,0.0,119.0
424,424,424,,2017-05-28 09:58:12,0.0,119.0,"ACC开,3D定位,天线正常","湖南省常德市武陵区G207(常澧路),距常德市汇文中学 约80米,距常德女子外语学校-北门 约264米",111.65771,29.054798,0.0,119.0
425,425,425,,2017-05-28 10:00:20,0.0,119.0,"ACC开,3D定位,天线正常","湖南省常德市武陵区G207(常澧路),距常德市汇文中学 约80米,距常德女子外语学校-北门 约264米",111.65771,29.054798,0.0,119.0
426,426,426,,2017-05-28 10:01:08,0.0,119.0,"ACC开,3D定位,天线正常","湖南省常德市武陵区G207(常澧路),距常德市汇文中学 约80米,距常德女子外语学校-北门 约264米",111.65771,29.054798,0.0,119.0
427,427,427,,2017-05-28 10:01:56,0.0,119.0,"ACC开,3D定位,天线正常","湖南省常德市武陵区G207(常澧路),距常德市汇文中学 约80米,距常德女子外语学校-北门 约264米",111.65771,29.054798,0.0,119.0
428,428,428,,2017-05-28 10:02:44,0.0,119.0,"ACC开,3D定位,天线正常","湖南省常德市武陵区G207(常澧路),距常德市汇文中学 约80米,距常德女子外语学校-北门 约264米",111.65771,29.054798,0.0,119.0
429,429,429,,2017-05-28 10:03:32,0.0,119.0,"ACC开,3D定位,天线正常","湖南省常德市武陵区G207(常澧路),距常德市汇文中学 约80米,距常德女子外语学校-北门 约264米",111.65771,29.054798,0.0,119.0
430,430,430,,2017-05-28 10:04:36,0.0,119.0,"ACC开,3D定位,天线正常","湖南省常德市武陵区G207(常澧路),距常德市汇文中学 约80米,距常德女子外语学校-北门 约264米",111.65771,29.054798,0.0,119.0
431,431,431,,2017-05-28 10:05:24,0.0,119.0,"ACC开,3D定位,天线正常","湖南省常德市武陵区G207(常澧路),距常德市汇文中学 约80米,距常德女子外语学校-北门 约264米",111.65771,29.054798,0.0,119.0
432,432,432,,2017-05-28 10:06:12,0.0,119.0,"ACC开,3D定位,天线正常","湖南省常德市武陵区G207(常澧路),距常德市汇文中学 约80米,距常德女子外语学校-北门 约264米",111.65771,29.054798,0.0,119.0
433,433,433,,2017-05-28 10:07:00,0.0,119.0,"ACC开,3D定位,天线正常","湖南省常德市武陵区G207(常澧路),距常德市汇文中学 约80米,距常德女子外语学校-北门 约264米",111.65771,29.054798,0.0,119.0
434,434,434,,2017-05-28 10:07:48,0.0,119.0,"ACC开,3D定位,天线正常","湖南省常德市武陵区G207(常澧路),距常德市汇文中学 约80米,距常德女子外语学校-北门 约264米",111.65771,29.054798,0.0,119.0
435,435,435,,2017-05-28 10:10:44,0.0,119.0,"ACC开,3D定位,天线正常","湖南省常德市武陵区G207(常澧路),距常德市汇文中学 约80米,距常德女子外语学校-北门 约264米",111.65771,29.054798,0.0,119.0
436,436,436,,2017-05-28 10:11:31,0.0,119.0,"ACC开,3D定位,天线正常","湖南省常德市武陵区G207(常澧路),距常德市汇文中学 约80米,距常德女子外语学校-北门 约264米",111.65771,29.054798,0.0,119.0
437,437,437,,2017-05-28 10:12:19,0.0,119.0,"ACC开,3D定位,天线正常","湖南省常德市武陵区G207(常澧路),距常德市汇文中学 约80米,距常德女子外语学校-北门 约264米",111.65771,29.054798,0.0,119.0
438,438,438,,2017-05-28 10:13:07,0.0,119.0,"ACC开,3D定位,天线正常","湖南省常德市武陵区G207(常澧路),距常德市汇文中学 约80米,距常德女子外语学校-北门 约264米",111.65771,29.054798,0.0,119.0
439,439,439,,2017-05-28 10:13:56,0.0,119.0,"ACC开,3D定位,天线正常","湖南省常德市武陵区G207(常澧路),距常德市汇文中学 约80米,距常德女子外语学校-北门 约264米",111.65771,29.054798,0.0,119.0
440,440,440,,2017-05-28 10:16:04,0.0,119.0,"ACC开,3D定位,天线正常","湖南省常德市武陵区G207(常澧路),距常德市汇文中学 约80米,距常德女子外语学校-北门 约264米",111.65771,29.054798,0.0,119.0
441,441,441,,2017-05-28 10:16:53,0.0,119.0,"ACC开,3D定位,天线正常","湖南省常德市武陵区G207(常澧路),距常德市汇文中学 约80米,距常德女子外语学校-北门 约264米",111.65771,29.054798,0.0,119.0
442,442,442,,2017-05-28 10:17:41,0.0,119.0,"ACC开,3D定位,天线正常","湖南省常德市武陵区G207(常澧路),距常德市汇文中学 约80米,距常德女子外语学校-北门 约264米",111.65771,29.054798,0.0,119.0
443,443,443,,2017-05-28 10:18:29,0.0,119.0,"ACC开,3D定位,天线正常","湖南省常德市武陵区G207(常澧路),距常德市汇文中学 约80米,距常德女子外语学校-北门 约264米",111.65771,29.054798,0.0,119.0
444,444,444,,2017-05-28 10:19:17,0.0,119.0,"ACC开,3D定位,天线正常","湖南省常德市武陵区G207(常澧路),距常德市汇文中学 约80米,距常德女子外语学校-北门 约264米",111.65771,29.054798,0.0,119.0
445,445,445,,2017-05-28 10:20:37,0.0,119.0,"ACC开,3D定位,天线正常","湖南省常德市武陵区G207(常澧路),距常德市汇文中学 约80米,距常德女子外语学校-北门 约264米",111.65771,29.054798,0.0,119.0
446,446,446,,2017-05-28 10:21:25,0.0,119.0,"ACC开,3D定位,天线正常","湖南省常德市武陵区G207(常澧路),距常德市汇文中学 约80米,距常德女子外语学校-北门 约264米",111.65771,29.054798,0.0,119.0
447,447,447,,2017-05-28 10:22:13,0.0,119.0,"ACC开,3D定位,天线正常","湖南省常德市武陵区G207(常澧路),距常德市汇文中学 约80米,距常德女子外语学校-北门 约264米",111.65771,29.054798,0.0,119.0
448,448,448,,2017-05-28 10:23:01,0.0,119.0,"ACC开,3D定位,天线正常","湖南省常德市武陵区G207(常澧路),距常德市汇文中学 约80米,距常德女子外语学校-北门 约264米",111.65771,29.054798,0.0,119.0
449,449,449,,2017-05-28 10:23:49,0.0,119.0,"ACC开,3D定位,天线正常","湖南省常德市武陵区G207(常澧路),距常德市汇文中学 约80米,距常德女子外语学校-北门 约264米",111.65771,29.054798,0.0,119.0
450,450,450,,2017-05-28 10:25:57,0.0,119.0,"ACC开,3D定位,天线正常","湖南省常德市武陵区G207(常澧路),距常德市汇文中学 约80米,距常德女子外语学校-北门 约264米",111.65771,29.054798,0.0,119.0
451,451,451,,2017-05-28 10:26:45,0.0,119.0,"ACC开,3D定位,天线正常","湖南省常德市武陵区G207(常澧路),距常德市汇文中学 约80米,距常德女子外语学校-北门 约264米",111.65771,29.054798,0.0,119.0
452,452,452,,2017-05-28 10:27:33,0.0,119.0,"ACC开,3D定位,天线正常","湖南省常德市武陵区G207(常澧路),距常德市汇文中学 约80米,距常德女子外语学校-北门 约264米",111.65771,29.054798,0.0,119.0
453,453,453,,2017-05-28 10:28:21,0.0,119.0,"ACC开,3D定位,天线正常","湖南省常德市武陵区G207(常澧路),距常德市汇文中学 约80米,距常德女子外语学校-北门 约264米",111.65771,29.054798,0.0,119.0
454,454,454,,2017-05-28 10:29:09,0.0,119.0,"ACC开,3D定位,天线正常","湖南省常德市武陵区G207(常澧路),距常德市汇文中学 约80米,距常德女子外语学校-北门 约264米",111.65771,29.054798,0.0,119.0
455,455,455,,2017-05-28 10:31:33,0.0,119.0,"ACC开,3D定位,天线正常","湖南省常德市武陵区G207(常澧路),距常德市汇文中学 约80米,距常德女子外语学校-北门 约264米",111.65771,29.054798,0.0,119.0
456,456,456,,2017-05-28 10:32:22,0.0,119.0,"ACC开,3D定位,天线正常","湖南省常德市武陵区G207(常澧路),距常德市汇文中学 约80米,距常德女子外语学校-北门 约264米",111.65771,29.054798,0.0,119.0
457,457,457,,2017-05-28 10:33:10,0.0,119.0,"ACC开,3D定位,天线正常","湖南省常德市武陵区G207(常澧路),距常德市汇文中学 约80米,距常德女子外语学校-北门 约264米",111.65771,29.054798,0.0,119.0
458,458,458,,2017-05-28 10:33:58,0.0,119.0,"ACC开,3D定位,天线正常","湖南省常德市武陵区G207(常澧路),距常德市汇文中学 约80米,距常德女子外语学校-北门 约264米",111.65771,29.054798,0.0,119.0
459,459,459,,2017-05-28 10:34:46,0.0,119.0,"ACC开,3D定位,天线正常","湖南省常德市武陵区G207(常澧路),距常德市汇文中学 约80米,距常德女子外语学校-北门 约264米",111.65771,29.054798,0.0,119.0
460,460,460,,2017-05-28 10:37:10,0.0,119.0,"ACC开,3D定位,天线正常","湖南省常德市武陵区G207(常澧路),距常德市汇文中学 约80米,距常德女子外语学校-北门 约264米",111.65771,29.054798,0.0,119.0
461,461,461,,2017-05-28 10:37:58,0.0,119.0,"ACC开,3D定位,天线正常","湖南省常德市武陵区G207(常澧路),距常德市汇文中学 约80米,距常德女子外语学校-北门 约264米",111.65771,29.054798,0.0,119.0
462,462,462,,2017-05-28 10:38:46,0.0,119.0,"ACC开,3D定位,天线正常","湖南省常德市武陵区G207(常澧路),距常德市汇文中学 约80米,距常德女子外语学校-北门 约264米",111.65771,29.054798,0.0,119.0
463,463,463,,2017-05-28 10:39:34,0.0,119.0,"ACC开,3D定位,天线正常","湖南省常德市武陵区G207(常澧路),距常德市汇文中学 约80米,距常德女子外语学校-北门 约264米",111.65771,29.054798,0.0,119.0
464,464,464,,2017-05-28 10:40:22,0.0,119.0,"ACC开,3D定位,天线正常","湖南省常德市武陵区G207(常澧路),距常德市汇文中学 约80米,距常德女子外语学校-北门 约264米",111.65771,29.054798,0.0,119.0
465,465,465,,2017-05-28 10:43:02,0.0,119.0,"ACC开,3D定位,天线正常","湖南省常德市武陵区G207(常澧路),距常德市汇文中学 约80米,距常德女子外语学校-北门 约264米",111.65771,29.054798,0.0,119.0
466,466,466,,2017-05-28 10:43:51,0.0,119.0,"ACC开,3D定位,天线正常","湖南省常德市武陵区G207(常澧路),距常德市汇文中学 约80米,距常德女子外语学校-北门 约264米",111.65771,29.054798,0.0,119.0
467,467,467,,2017-05-28 10:44:38,0.0,119.0,"ACC开,3D定位,天线正常","湖南省常德市武陵区G207(常澧路),距常德市汇文中学 约80米,距常德女子外语学校-北门 约264米",111.65771,29.054798,0.0,119.0
468,468,468,,2017-05-28 10:45:26,0.0,119.0,"ACC开,3D定位,天线正常","湖南省常德市武陵区G207(常澧路),距常德市汇文中学 约80米,距常德女子外语学校-北门 约264米",111.65771,29.054798,0.0,119.0
469,469,469,,2017-05-28 10:46:14,0.0,119.0,"ACC开,3D定位,天线正常","湖南省常德市武陵区G207(常澧路),距常德市汇文中学 约80米,距常德女子外语学校-北门 约264米",111.65771,29.054798,0.0,119.0
470,470,470,,2017-05-28 10:47:50,0.0,119.0,"ACC开,3D定位,天线正常","湖南省常德市武陵区G207(常澧路),距常德市汇文中学 约80米,距常德女子外语学校-北门 约264米",111.65771,29.054798,0.0,119.0
471,471,471,,2017-05-28 10:48:38,0.0,119.0,"ACC开,3D定位,天线正常","湖南省常德市武陵区G207(常澧路),距常德市汇文中学 约80米,距常德女子外语学校-北门 约264米",111.65771,29.054798,0.0,119.0
472,472,472,,2017-05-28 10:49:26,0.0,119.0,"ACC开,3D定位,天线正常","湖南省常德市武陵区G207(常澧路),距常德市汇文中学 约80米,距常德女子外语学校-北门 约264米",111.65771,29.054798,0.0,119.0
473,473,473,,2017-05-28 10:50:15,0.0,119.0,"ACC开,3D定位,天线正常","湖南省常德市武陵区G207(常澧路),距常德市汇文中学 约80米,距常德女子外语学校-北门 约264米",111.65771,29.054798,0.0,119.0
474,474,474,,2017-05-28 10:51:03,0.0,119.0,"ACC开,3D定位,天线正常","湖南省常德市武陵区G207(常澧路),距常德市汇文中学 约80米,距常德女子外语学校-北门 约264米",111.65771,29.054798,0.0,119.0
475,475,475,,2017-05-28 10:52:55,0.0,119.0,"ACC开,3D定位,天线正常","湖南省常德市武陵区G207(常澧路),距常德市汇文中学 约80米,距常德女子外语学校-北门 约264米",111.65771,29.054798,0.0,119.0
476,476,476,,2017-05-28 10:53:43,0.0,119.0,"ACC开,3D定位,天线正常","湖南省常德市武陵区G207(常澧路),距常德市汇文中学 约80米,距常德女子外语学校-北门 约264米",111.65771,29.054798,0.0,119.0
477,477,477,,2017-05-28 10:54:31,0.0,119.0,"ACC开,3D定位,天线正常","湖南省常德市武陵区G207(常澧路),距常德市汇文中学 约80米,距常德女子外语学校-北门 约264米",111.65771,29.054798,0.0,119.0
478,478,478,,2017-05-28 10:55:19,0.0,119.0,"ACC开,3D定位,天线正常","湖南省常德市武陵区G207(常澧路),距常德市汇文中学 约80米,距常德女子外语学校-北门 约264米",111.65771,29.054798,0.0,119.0
479,479,479,,2017-05-28 10:56:07,0.0,119.0,"ACC开,3D定位,天线正常","湖南省常德市武陵区G207(常澧路),距常德市汇文中学 约80米,距常德女子外语学校-北门 约264米",111.65771,29.054798,0.0,119.0
480,480,480,,2017-05-28 10:59:03,0.0,119.0,"ACC开,3D定位,天线正常","湖南省常德市武陵区G207(常澧路),距常德市汇文中学 约80米,距常德女子外语学校-北门 约264米",111.65771,29.054798,0.0,119.0
481,481,481,,2017-05-28 10:59:51,0.0,119.0,"ACC开,3D定位,天线正常","湖南省常德市武陵区G207(常澧路),距常德市汇文中学 约80米,距常德女子外语学校-北门 约264米",111.65771,29.054798,0.0,119.0
482,482,482,,2017-05-28 11:00:39,0.0,119.0,"ACC开,3D定位,天线正常","湖南省常德市武陵区G207(常澧路),距常德市汇文中学 约80米,距常德女子外语学校-北门 约264米",111.65771,29.054798,0.0,119.0
483,483,483,,2017-05-28 11:01:27,0.0,119.0,"ACC开,3D定位,天线正常","湖南省常德市武陵区G207(常澧路),距常德市汇文中学 约80米,距常德女子外语学校-北门 约264米",111.65771,29.054798,0.0,119.0
484,484,484,,2017-05-28 11:02:15,0.0,119.0,"ACC开,3D定位,天线正常","湖南省常德市武陵区G207(常澧路),距常德市汇文中学 约80米,距常德女子外语学校-北门 约264米",111.65771,29.054798,0.0,119.0
485,485,485,,2017-05-28 11:04:24,0.0,119.0,"ACC开,3D定位,天线正常","湖南省常德市武陵区G207(常澧路),距常德市汇文中学 约80米,距常德女子外语学校-北门 约264米",111.65771,29.054798,0.0,119.0
486,486,486,,2017-05-28 11:05:11,0.0,119.0,"ACC开,3D定位,天线正常","湖南省常德市武陵区G207(常澧路),距常德市汇文中学 约80米,距常德女子外语学校-北门 约264米",111.65771,29.054798,0.0,119.0
487,487,487,,2017-05-28 11:05:59,0.0,119.0,"ACC开,3D定位,天线正常","湖南省常德市武陵区G207(常澧路),距常德市汇文中学 约80米,距常德女子外语学校-北门 约264米",111.65771,29.054798,0.0,119.0
488,488,488,,2017-05-28 11:06:47,0.0,119.0,"ACC开,3D定位,天线正常","湖南省常德市武陵区G207(常澧路),距常德市汇文中学 约80米,距常德女子外语学校-北门 约264米",111.65771,29.054798,0.0,119.0
489,489,489,,2017-05-28 11:07:36,0.0,119.0,"ACC开,3D定位,天线正常","湖南省常德市武陵区G207(常澧路),距常德市汇文中学 约80米,距常德女子外语学校-北门 约264米",111.65771,29.054798,0.0,119.0
490,490,490,,2017-05-28 11:10:16,0.0,119.0,"ACC开,3D定位,天线正常","湖南省常德市武陵区G207(常澧路),距常德市汇文中学 约80米,距常德女子外语学校-北门 约264米",111.65771,29.054798,0.0,119.0
491,491,491,,2017-05-28 11:11:04,0.0,119.0,"ACC开,3D定位,天线正常","湖南省常德市武陵区G207(常澧路),距常德市汇文中学 约80米,距常德女子外语学校-北门 约264米",111.65771,29.054798,0.0,119.0
492,492,492,,2017-05-28 11:11:52,0.0,119.0,"ACC开,3D定位,天线正常","湖南省常德市武陵区G207(常澧路),距常德市汇文中学 约80米,距常德女子外语学校-北门 约264米",111.65771,29.054798,0.0,119.0
493,493,493,,2017-05-28 11:12:40,0.0,119.0,"ACC开,3D定位,天线正常","湖南省常德市武陵区G207(常澧路),距常德市汇文中学 约80米,距常德女子外语学校-北门 约264米",111.65771,29.054798,0.0,119.0
494,494,494,,2017-05-28 11:13:28,0.0,119.0,"ACC开,3D定位,天线正常","湖南省常德市武陵区G207(常澧路),距常德市汇文中学 约80米,距常德女子外语学校-北门 约264米",111.65771,29.054798,0.0,119.0
495,495,495,,2017-05-28 11:16:40,0.0,119.0,"ACC开,3D定位,天线正常","湖南省常德市武陵区G207(常澧路),距常德市汇文中学 约80米,距常德女子外语学校-北门 约264米",111.65771,29.054798,0.0,119.0
496,496,496,,2017-05-28 11:17:29,0.0,119.0,"ACC开,3D定位,天线正常","湖南省常德市武陵区G207(常澧路),距常德市汇文中学 约80米,距常德女子外语学校-北门 约264米",111.65771,29.054798,0.0,119.0
497,497,497,,2017-05-28 11:18:17,0.0,119.0,"ACC开,3D定位,天线正常","湖南省常德市武陵区G207(常澧路),距常德市汇文中学 约80米,距常德女子外语学校-北门 约264米",111.65771,29.054798,0.0,119.0
498,498,498,,2017-05-28 11:19:04,0.0,119.0,"ACC开,3D定位,天线正常","湖南省常德市武陵区G207(常澧路),距常德市汇文中学 约80米,距常德女子外语学校-北门 约264米",111.65771,29.054798,0.0,119.0
499,499,499,,2017-05-28 11:19:52,0.0,119.0,"ACC开,3D定位,天线正常","湖南省常德市武陵区G207(常澧路),距常德市汇文中学 约80米,距常德女子外语学校-北门 约264米",111.65771,29.054798,0.0,119.0
500,500,500,,2017-05-28 11:22:01,0.0,119.0,"ACC开,3D定位,天线正常","湖南省常德市武陵区G207(常澧路),距常德市汇文中学 约80米,距常德女子外语学校-北门 约264米",111.65771,29.054798,0.0,119.0
501,501,501,,2017-05-28 11:22:48,0.0,119.0,"ACC开,3D定位,天线正常","湖南省常德市武陵区G207(常澧路),距常德市汇文中学 约80米,距常德女子外语学校-北门 约264米",111.65771,29.054798,0.0,119.0
502,502,502,,2017-05-28 11:23:36,0.0,119.0,"ACC开,3D定位,天线正常","湖南省常德市武陵区G207(常澧路),距常德市汇文中学 约80米,距常德女子外语学校-北门 约264米",111.65771,29.054798,0.0,119.0
503,503,503,,2017-05-28 11:24:25,0.0,119.0,"ACC开,3D定位,天线正常","湖南省常德市武陵区G207(常澧路),距常德市汇文中学 约80米,距常德女子外语学校-北门 约264米",111.65771,29.054798,0.0,119.0
504,504,504,,2017-05-28 11:25:13,0.0,119.0,"ACC开,3D定位,天线正常","湖南省常德市武陵区G207(常澧路),距常德市汇文中学 约80米,距常德女子外语学校-北门 约264米",111.65771,29.054798,0.0,119.0
505,505,505,,2017-05-28 11:28:09,0.0,119.0,"ACC开,3D定位,天线正常","湖南省常德市武陵区G207(常澧路),距常德市汇文中学 约80米,距常德女子外语学校-北门 约264米",111.65771,29.054798,0.0,119.0
506,506,506,,2017-05-28 11:28:57,0.0,119.0,"ACC开,3D定位,天线正常","湖南省常德市武陵区G207(常澧路),距常德市汇文中学 约80米,距常德女子外语学校-北门 约264米",111.65771,29.054798,0.0,119.0
507,507,507,,2017-05-28 11:29:45,0.0,119.0,"ACC开,3D定位,天线正常","湖南省常德市武陵区G207(常澧路),距常德市汇文中学 约80米,距常德女子外语学校-北门 约264米",111.65771,29.054798,0.0,119.0
508,508,508,,2017-05-28 11:30:33,0.0,119.0,"ACC开,3D定位,天线正常","湖南省常德市武陵区G207(常澧路),距常德市汇文中学 约80米,距常德女子外语学校-北门 约264米",111.65771,29.054798,0.0,119.0
509,509,509,,2017-05-28 11:31:21,0.0,119.0,"ACC开,3D定位,天线正常","湖南省常德市武陵区G207(常澧路),距常德市汇文中学 约80米,距常德女子外语学校-北门 约264米",111.65771,29.054798,0.0,119.0
510,510,510,,2017-05-28 11:33:29,0.0,119.0,"ACC开,3D定位,天线正常","湖南省常德市武陵区G207(常澧路),距常德市汇文中学 约80米,距常德女子外语学校-北门 约264米",111.65771,29.054798,0.0,119.0
511,511,511,,2017-05-28 11:34:18,0.0,119.0,"ACC开,3D定位,天线正常","湖南省常德市武陵区G207(常澧路),距常德市汇文中学 约80米,距常德女子外语学校-北门 约264米",111.65771,29.054798,0.0,119.0
512,512,512,,2017-05-28 11:35:06,0.0,119.0,"ACC开,3D定位,天线正常","湖南省常德市武陵区G207(常澧路),距常德市汇文中学 约80米,距常德女子外语学校-北门 约264米",111.65771,29.054798,0.0,119.0
513,513,513,,2017-05-28 11:35:54,0.0,119.0,"ACC开,3D定位,天线正常","湖南省常德市武陵区G207(常澧路),距常德市汇文中学 约80米,距常德女子外语学校-北门 约264米",111.65771,29.054798,0.0,119.0
514,514,514,,2017-05-28 11:36:41,0.0,119.0,"ACC开,3D定位,天线正常","湖南省常德市武陵区G207(常澧路),距常德市汇文中学 约80米,距常德女子外语学校-北门 约264米",111.65771,29.054798,0.0,119.0
515,515,515,,2017-05-28 11:39:22,0.0,119.0,"ACC开,3D定位,天线正常","湖南省常德市武陵区G207(常澧路),距常德市汇文中学 约80米,距常德女子外语学校-北门 约264米",111.65771,29.054798,0.0,119.0
516,516,516,,2017-05-28 11:40:09,0.0,119.0,"ACC开,3D定位,天线正常","湖南省常德市武陵区G207(常澧路),距常德市汇文中学 约80米,距常德女子外语学校-北门 约264米",111.65771,29.054798,0.0,119.0
517,517,517,,2017-05-28 11:40:57,0.0,119.0,"ACC开,3D定位,天线正常","湖南省常德市武陵区G207(常澧路),距常德市汇文中学 约80米,距常德女子外语学校-北门 约264米",111.65771,29.054798,0.0,119.0
518,518,518,,2017-05-28 11:41:46,0.0,119.0,"ACC开,3D定位,天线正常","湖南省常德市武陵区G207(常澧路),距常德市汇文中学 约80米,距常德女子外语学校-北门 约264米",111.65771,29.054798,0.0,119.0
519,519,519,,2017-05-28 11:42:34,0.0,119.0,"ACC开,3D定位,天线正常","湖南省常德市武陵区G207(常澧路),距常德市汇文中学 约80米,距常德女子外语学校-北门 约264米",111.65771,29.054798,0.0,119.0
520,520,520,,2017-05-28 11:44:26,0.0,119.0,"ACC开,3D定位,天线正常","湖南省常德市武陵区G207(常澧路),距常德市汇文中学 约80米,距常德女子外语学校-北门 约264米",111.65771,29.054798,0.0,119.0
521,521,521,,2017-05-28 11:45:14,0.0,119.0,"ACC开,3D定位,天线正常","湖南省常德市武陵区G207(常澧路),距常德市汇文中学 约80米,距常德女子外语学校-北门 约264米",111.65771,29.054798,0.0,119.0
522,522,522,,2017-05-28 11:46:02,0.0,119.0,"ACC开,3D定位,天线正常","湖南省常德市武陵区G207(常澧路),距常德市汇文中学 约80米,距常德女子外语学校-北门 约264米",111.65771,29.054798,0.0,119.0
523,523,523,,2017-05-28 11:46:50,0.0,119.0,"ACC开,3D定位,天线正常","湖南省常德市武陵区G207(常澧路),距常德市汇文中学 约80米,距常德女子外语学校-北门 约264米",111.65771,29.054798,0.0,119.0
524,524,524,,2017-05-28 11:47:37,0.0,119.0,"ACC开,3D定位,天线正常","湖南省常德市武陵区G207(常澧路),距常德市汇文中学 约80米,距常德女子外语学校-北门 约264米",111.65771,29.054798,0.0,119.0
525,525,525,,2017-05-28 11:50:51,0.0,119.0,"ACC开,3D定位,天线正常","湖南省常德市武陵区G207(常澧路),距常德市汇文中学 约80米,距常德女子外语学校-北门 约264米",111.65771,29.054798,0.0,119.0
526,526,526,,2017-05-28 11:51:38,0.0,119.0,"ACC开,3D定位,天线正常","湖南省常德市武陵区G207(常澧路),距常德市汇文中学 约80米,距常德女子外语学校-北门 约264米",111.65771,29.054798,0.0,119.0
527,527,527,,2017-05-28 11:52:26,0.0,119.0,"ACC开,3D定位,天线正常","湖南省常德市武陵区G207(常澧路),距常德市汇文中学 约80米,距常德女子外语学校-北门 约264米",111.65771,29.054798,0.0,119.0
528,528,528,,2017-05-28 11:53:14,0.0,119.0,"ACC开,3D定位,天线正常","湖南省常德市武陵区G207(常澧路),距常德市汇文中学 约80米,距常德女子外语学校-北门 约264米",111.65771,29.054798,0.0,119.0
529,529,529,,2017-05-28 11:54:01,0.0,119.0,"ACC开,3D定位,天线正常","湖南省常德市武陵区G207(常澧路),距常德市汇文中学 约80米,距常德女子外语学校-北门 约264米",111.65771,29.054798,0.0,119.0
530,530,530,,2017-05-28 11:56:58,0.0,119.0,"ACC开,3D定位,天线正常","湖南省常德市武陵区G207(常澧路),距常德市汇文中学 约80米,距常德女子外语学校-北门 约264米",111.65771,29.054798,0.0,119.0
531,531,531,,2017-05-28 11:57:46,0.0,119.0,"ACC开,3D定位,天线正常","湖南省常德市武陵区G207(常澧路),距常德市汇文中学 约80米,距常德女子外语学校-北门 约264米",111.65771,29.054798,0.0,119.0
532,532,532,,2017-05-28 11:58:35,0.0,119.0,"ACC开,3D定位,天线正常","湖南省常德市武陵区G207(常澧路),距常德市汇文中学 约80米,距常德女子外语学校-北门 约264米",111.65771,29.054798,0.0,119.0
533,533,533,,2017-05-28 11:59:23,0.0,119.0,"ACC开,3D定位,天线正常","湖南省常德市武陵区G207(常澧路),距常德市汇文中学 约80米,距常德女子外语学校-北门 约264米",111.65771,29.054798,0.0,119.0
534,534,534,,2017-05-28 12:00:11,0.0,119.0,"ACC开,3D定位,天线正常","湖南省常德市武陵区G207(常澧路),距常德市汇文中学 约80米,距常德女子外语学校-北门 约264米",111.65771,29.054798,0.0,119.0
535,535,535,,2017-05-28 12:02:51,0.0,119.0,"ACC开,3D定位,天线正常","湖南省常德市武陵区G207(常澧路),距常德市汇文中学 约80米,距常德女子外语学校-北门 约264米",111.65771,29.054798,0.0,119.0
536,536,536,,2017-05-28 12:03:39,0.0,119.0,"ACC开,3D定位,天线正常","湖南省常德市武陵区G207(常澧路),距常德市汇文中学 约80米,距常德女子外语学校-北门 约264米",111.65771,29.054798,0.0,119.0
537,537,537,,2017-05-28 12:04:27,0.0,119.0,"ACC开,3D定位,天线正常","湖南省常德市武陵区G207(常澧路),距常德市汇文中学 约80米,距常德女子外语学校-北门 约264米",111.65771,29.054798,0.0,119.0
538,538,538,,2017-05-28 12:05:15,0.0,119.0,"ACC开,3D定位,天线正常","湖南省常德市武陵区G207(常澧路),距常德市汇文中学 约80米,距常德女子外语学校-北门 约264米",111.65771,29.054798,0.0,119.0
539,539,539,,2017-05-28 12:06:03,0.0,119.0,"ACC开,3D定位,天线正常","湖南省常德市武陵区G207(常澧路),距常德市汇文中学 约80米,距常德女子外语学校-北门 约264米",111.65771,29.054798,0.0,119.0
540,540,540,,2017-05-28 12:09:47,0.0,119.0,"ACC开,3D定位,天线正常","湖南省常德市武陵区G207(常澧路),距常德市汇文中学 约80米,距常德女子外语学校-北门 约264米",111.65771,29.054798,0.0,119.0
541,541,541,,2017-05-28 12:10:36,0.0,119.0,"ACC开,3D定位,天线正常","湖南省常德市武陵区G207(常澧路),距常德市汇文中学 约80米,距常德女子外语学校-北门 约264米",111.65771,29.054798,0.0,119.0
542,542,542,,2017-05-28 12:11:23,0.0,119.0,"ACC开,3D定位,天线正常","湖南省常德市武陵区G207(常澧路),距常德市汇文中学 约80米,距常德女子外语学校-北门 约264米",111.65771,29.054798,0.0,119.0
543,543,543,,2017-05-28 12:12:11,0.0,119.0,"ACC开,3D定位,天线正常","湖南省常德市武陵区G207(常澧路),距常德市汇文中学 约80米,距常德女子外语学校-北门 约264米",111.65771,29.054798,0.0,119.0
544,544,544,,2017-05-28 12:13:00,0.0,119.0,"ACC开,3D定位,天线正常","湖南省常德市武陵区G207(常澧路),距常德市汇文中学 约80米,距常德女子外语学校-北门 约264米",111.65771,29.054798,0.0,119.0
545,545,545,,2017-05-28 12:15:40,0.0,119.0,"ACC开,3D定位,天线正常","湖南省常德市武陵区G207(常澧路),距常德市汇文中学 约80米,距常德女子外语学校-北门 约264米",111.65771,29.054798,0.0,119.0
546,546,546,,2017-05-28 12:16:28,0.0,119.0,"ACC开,3D定位,天线正常","湖南省常德市武陵区G207(常澧路),距常德市汇文中学 约80米,距常德女子外语学校-北门 约264米",111.65771,29.054798,0.0,119.0
547,547,547,,2017-05-28 12:17:16,0.0,119.0,"ACC开,3D定位,天线正常","湖南省常德市武陵区G207(常澧路),距常德市汇文中学 约80米,距常德女子外语学校-北门 约264米",111.65771,29.054798,0.0,119.0
548,548,548,,2017-05-28 12:18:04,0.0,119.0,"ACC开,3D定位,天线正常","湖南省常德市武陵区G207(常澧路),距常德市汇文中学 约80米,距常德女子外语学校-北门 约264米",111.65771,29.054798,0.0,119.0
549,549,549,,2017-05-28 12:18:52,0.0,119.0,"ACC开,3D定位,天线正常","湖南省常德市武陵区G207(常澧路),距常德市汇文中学 约80米,距常德女子外语学校-北门 约264米",111.65771,29.054798,0.0,119.0
550,550,550,,2017-05-28 12:21:48,0.0,119.0,"ACC开,3D定位,天线正常","湖南省常德市武陵区G207(常澧路),距常德市汇文中学 约80米,距常德女子外语学校-北门 约264米",111.65771,29.054798,0.0,119.0
551,551,551,,2017-05-28 12:22:36,0.0,119.0,"ACC开,3D定位,天线正常","湖南省常德市武陵区G207(常澧路),距常德市汇文中学 约80米,距常德女子外语学校-北门 约264米",111.65771,29.054798,0.0,119.0
552,552,552,,2017-05-28 12:23:24,0.0,119.0,"ACC开,3D定位,天线正常","湖南省常德市武陵区G207(常澧路),距常德市汇文中学 约80米,距常德女子外语学校-北门 约264米",111.65771,29.054798,0.0,119.0
553,553,553,,2017-05-28 12:24:12,0.0,119.0,"ACC开,3D定位,天线正常","湖南省常德市武陵区G207(常澧路),距常德市汇文中学 约80米,距常德女子外语学校-北门 约264米",111.65771,29.054798,0.0,119.0
554,554,554,,2017-05-28 12:25:01,0.0,119.0,"ACC开,3D定位,天线正常","湖南省常德市武陵区G207(常澧路),距常德市汇文中学 约80米,距常德女子外语学校-北门 约264米",111.65771,29.054798,0.0,119.0
555,555,555,,2017-05-28 12:27:56,0.0,119.0,"ACC开,3D定位,天线正常","湖南省常德市武陵区G207(常澧路),距常德市汇文中学 约80米,距常德女子外语学校-北门 约264米",111.65771,29.054798,0.0,119.0
556,556,556,,2017-05-28 12:28:44,0.0,119.0,"ACC开,3D定位,天线正常","湖南省常德市武陵区G207(常澧路),距常德市汇文中学 约80米,距常德女子外语学校-北门 约264米",111.65771,29.054798,0.0,119.0
557,557,557,,2017-05-28 12:29:32,0.0,119.0,"ACC开,3D定位,天线正常","湖南省常德市武陵区G207(常澧路),距常德市汇文中学 约80米,距常德女子外语学校-北门 约264米",111.65771,29.054798,0.0,119.0
558,558,558,,2017-05-28 12:30:20,0.0,119.0,"ACC开,3D定位,天线正常","湖南省常德市武陵区G207(常澧路),距常德市汇文中学 约80米,距常德女子外语学校-北门 约264米",111.65771,29.054798,0.0,119.0
559,559,559,,2017-05-28 12:31:08,0.0,119.0,"ACC开,3D定位,天线正常","湖南省常德市武陵区G207(常澧路),距常德市汇文中学 约80米,距常德女子外语学校-北门 约264米",111.65771,29.054798,0.0,119.0
560,560,560,,2017-05-28 12:33:49,0.0,119.0,"ACC开,3D定位,天线正常","湖南省常德市武陵区G207(常澧路),距常德市汇文中学 约80米,距常德女子外语学校-北门 约264米",111.65771,29.054798,0.0,119.0
561,561,561,,2017-05-28 12:34:37,0.0,119.0,"ACC开,3D定位,天线正常","湖南省常德市武陵区G207(常澧路),距常德市汇文中学 约80米,距常德女子外语学校-北门 约264米",111.65771,29.054798,0.0,119.0
562,562,562,,2017-05-28 12:35:25,0.0,119.0,"ACC开,3D定位,天线正常","湖南省常德市武陵区G207(常澧路),距常德市汇文中学 约80米,距常德女子外语学校-北门 约264米",111.65771,29.054798,0.0,119.0
563,563,563,,2017-05-28 12:36:13,0.0,119.0,"ACC开,3D定位,天线正常","湖南省常德市武陵区G207(常澧路),距常德市汇文中学 约80米,距常德女子外语学校-北门 约264米",111.65771,29.054798,0.0,119.0
564,564,564,,2017-05-28 12:37:01,0.0,119.0,"ACC开,3D定位,天线正常","湖南省常德市武陵区G207(常澧路),距常德市汇文中学 约80米,距常德女子外语学校-北门 约264米",111.65771,29.054798,0.0,119.0
565,565,565,,2017-05-28 12:39:09,0.0,119.0,"ACC开,3D定位,天线正常","湖南省常德市武陵区G207(常澧路),距常德市汇文中学 约80米,距常德女子外语学校-北门 约264米",111.65771,29.054798,0.0,119.0
566,566,566,,2017-05-28 12:39:57,0.0,119.0,"ACC开,3D定位,天线正常","湖南省常德市武陵区G207(常澧路),距常德市汇文中学 约80米,距常德女子外语学校-北门 约264米",111.65771,29.054798,0.0,119.0
567,567,567,,2017-05-28 12:40:45,0.0,119.0,"ACC开,3D定位,天线正常","湖南省常德市武陵区G207(常澧路),距常德市汇文中学 约80米,距常德女子外语学校-北门 约264米",111.65771,29.054798,0.0,119.0
568,568,568,,2017-05-28 12:41:33,0.0,119.0,"ACC开,3D定位,天线正常","湖南省常德市武陵区G207(常澧路),距常德市汇文中学 约80米,距常德女子外语学校-北门 约264米",111.65771,29.054798,0.0,119.0
569,569,569,,2017-05-28 12:42:21,0.0,119.0,"ACC开,3D定位,天线正常","湖南省常德市武陵区G207(常澧路),距常德市汇文中学 约80米,距常德女子外语学校-北门 约264米",111.65771,29.054798,0.0,119.0
570,570,570,,2017-05-28 12:43:41,0.0,119.0,"ACC开,3D定位,天线正常","湖南省常德市武陵区G207(常澧路),距常德市汇文中学 约80米,距常德女子外语学校-北门 约264米",111.65771,29.054798,0.0,119.0
571,571,571,,2017-05-28 12:44:29,0.0,119.0,"ACC开,3D定位,天线正常","湖南省常德市武陵区G207(常澧路),距常德市汇文中学 约80米,距常德女子外语学校-北门 约264米",111.65771,29.054798,0.0,119.0
572,572,572,,2017-05-28 12:45:16,0.0,119.0,"ACC开,3D定位,天线正常","湖南省常德市武陵区G207(常澧路),距常德市汇文中学 约80米,距常德女子外语学校-北门 约264米",111.65771,29.054798,0.0,119.0
573,573,573,,2017-05-28 12:46:04,0.0,119.0,"ACC开,3D定位,天线正常","湖南省常德市武陵区G207(常澧路),距常德市汇文中学 约80米,距常德女子外语学校-北门 约264米",111.65771,29.054798,0.0,119.0
574,574,574,,2017-05-28 12:46:52,0.0,119.0,"ACC开,3D定位,天线正常","湖南省常德市武陵区G207(常澧路),距常德市汇文中学 约80米,距常德女子外语学校-北门 约264米",111.65771,29.054798,0.0,119.0
575,575,575,,2017-05-28 12:49:34,0.0,119.0,"ACC开,3D定位,天线正常","湖南省常德市武陵区G207(常澧路),距常德市汇文中学 约80米,距常德女子外语学校-北门 约264米",111.65771,29.054798,0.0,119.0
576,576,576,,2017-05-28 12:50:22,0.0,119.0,"ACC开,3D定位,天线正常","湖南省常德市武陵区G207(常澧路),距常德市汇文中学 约80米,距常德女子外语学校-北门 约264米",111.65771,29.054798,0.0,119.0
577,577,577,,2017-05-28 12:51:10,0.0,119.0,"ACC开,3D定位,天线正常","湖南省常德市武陵区G207(常澧路),距常德市汇文中学 约80米,距常德女子外语学校-北门 约264米",111.65771,29.054798,0.0,119.0
578,578,578,,2017-05-28 12:51:58,0.0,119.0,"ACC开,3D定位,天线正常","湖南省常德市武陵区G207(常澧路),距常德市汇文中学 约80米,距常德女子外语学校-北门 约264米",111.65771,29.054798,0.0,119.0
579,579,579,,2017-05-28 12:52:46,0.0,119.0,"ACC开,3D定位,天线正常","湖南省常德市武陵区G207(常澧路),距常德市汇文中学 约80米,距常德女子外语学校-北门 约264米",111.65771,29.054798,0.0,119.0
580,580,580,,2017-05-28 12:55:58,0.0,119.0,"ACC开,3D定位,天线正常","湖南省常德市武陵区G207(常澧路),距常德市汇文中学 约80米,距常德女子外语学校-北门 约264米",111.65771,29.054798,0.0,119.0
581,581,581,,2017-05-28 12:56:46,0.0,119.0,"ACC开,3D定位,天线正常","湖南省常德市武陵区G207(常澧路),距常德市汇文中学 约80米,距常德女子外语学校-北门 约264米",111.65771,29.054798,0.0,119.0
582,582,582,,2017-05-28 12:57:34,0.0,119.0,"ACC开,3D定位,天线正常","湖南省常德市武陵区G207(常澧路),距常德市汇文中学 约80米,距常德女子外语学校-北门 约264米",111.65771,29.054798,0.0,119.0
583,583,583,,2017-05-28 12:58:22,0.0,119.0,"ACC开,3D定位,天线正常","湖南省常德市武陵区G207(常澧路),距常德市汇文中学 约80米,距常德女子外语学校-北门 约264米",111.65771,29.054798,0.0,119.0
584,584,584,,2017-05-28 12:59:11,0.0,119.0,"ACC开,3D定位,天线正常","湖南省常德市武陵区G207(常澧路),距常德市汇文中学 约80米,距常德女子外语学校-北门 约264米",111.65771,29.054798,0.0,119.0
585,585,585,,2017-05-28 13:01:34,0.0,119.0,"ACC开,3D定位,天线正常","湖南省常德市武陵区G207(常澧路),距常德市汇文中学 约80米,距常德女子外语学校-北门 约264米",111.65771,29.054798,0.0,119.0
586,586,586,,2017-05-28 13:02:22,0.0,119.0,"ACC开,3D定位,天线正常","湖南省常德市武陵区G207(常澧路),距常德市汇文中学 约80米,距常德女子外语学校-北门 约264米",111.65771,29.054798,0.0,119.0
587,587,587,,2017-05-28 13:03:10,0.0,119.0,"ACC开,3D定位,天线正常","湖南省常德市武陵区G207(常澧路),距常德市汇文中学 约80米,距常德女子外语学校-北门 约264米",111.65771,29.054798,0.0,119.0
588,588,588,,2017-05-28 13:03:58,0.0,119.0,"ACC开,3D定位,天线正常","湖南省常德市武陵区G207(常澧路),距常德市汇文中学 约80米,距常德女子外语学校-北门 约264米",111.65771,29.054798,0.0,119.0
589,589,589,,2017-05-28 13:04:46,0.0,119.0,"ACC开,3D定位,天线正常","湖南省常德市武陵区G207(常澧路),距常德市汇文中学 约80米,距常德女子外语学校-北门 约264米",111.65771,29.054798,0.0,119.0
590,590,590,,2017-05-28 13:07:42,0.0,119.0,"ACC开,3D定位,天线正常","湖南省常德市武陵区G207(常澧路),距常德市汇文中学 约80米,距常德女子外语学校-北门 约264米",111.65771,29.054798,0.0,119.0
591,591,591,,2017-05-28 13:08:31,0.0,119.0,"ACC开,3D定位,天线正常","湖南省常德市武陵区G207(常澧路),距常德市汇文中学 约80米,距常德女子外语学校-北门 约264米",111.65771,29.054798,0.0,119.0
592,592,592,,2017-05-28 13:09:19,0.0,119.0,"ACC开,3D定位,天线正常","湖南省常德市武陵区G207(常澧路),距常德市汇文中学 约80米,距常德女子外语学校-北门 约264米",111.65771,29.054798,0.0,119.0
593,593,593,,2017-05-28 13:10:07,0.0,119.0,"ACC开,3D定位,天线正常","湖南省常德市武陵区G207(常澧路),距常德市汇文中学 约80米,距常德女子外语学校-北门 约264米",111.65771,29.054798,0.0,119.0
594,594,594,,2017-05-28 13:10:55,0.0,119.0,"ACC开,3D定位,天线正常","湖南省常德市武陵区G207(常澧路),距常德市汇文中学 约80米,距常德女子外语学校-北门 约264米",111.65771,29.054798,0.0,119.0
595,595,595,,2017-05-28 13:13:51,0.0,119.0,"ACC开,3D定位,天线正常","湖南省常德市武陵区G207(常澧路),距常德市汇文中学 约80米,距常德女子外语学校-北门 约264米",111.65771,29.054798,0.0,119.0
596,596,596,,2017-05-28 13:14:39,0.0,119.0,"ACC开,3D定位,天线正常","湖南省常德市武陵区G207(常澧路),距常德市汇文中学 约80米,距常德女子外语学校-北门 约264米",111.65771,29.054798,0.0,119.0
597,597,597,,2017-05-28 13:15:27,0.0,119.0,"ACC开,3D定位,天线正常","湖南省常德市武陵区G207(常澧路),距常德市汇文中学 约80米,距常德女子外语学校-北门 约264米",111.65771,29.054798,0.0,119.0
598,598,598,,2017-05-28 13:16:15,0.0,119.0,"ACC开,3D定位,天线正常","湖南省常德市武陵区G207(常澧路),距常德市汇文中学 约80米,距常德女子外语学校-北门 约264米",111.65771,29.054798,0.0,119.0
599,599,599,,2017-05-28 13:17:04,0.0,119.0,"ACC开,3D定位,天线正常","湖南省常德市武陵区G207(常澧路),距常德市汇文中学 约80米,距常德女子外语学校-北门 约264米",111.65771,29.054798,0.0,119.0
600,600,600,,2017-05-28 13:18:40,0.0,119.0,"ACC开,3D定位,天线正常","湖南省常德市武陵区G207(常澧路),距常德市汇文中学 约80米,距常德女子外语学校-北门 约264米",111.65771,29.054798,0.0,119.0
601,601,601,,2017-05-28 13:19:28,0.0,119.0,"ACC开,3D定位,天线正常","湖南省常德市武陵区G207(常澧路),距常德市汇文中学 约80米,距常德女子外语学校-北门 约264米",111.65771,29.054798,0.0,119.0
602,602,602,,2017-05-28 13:20:15,0.0,119.0,"ACC开,3D定位,天线正常","湖南省常德市武陵区G207(常澧路),距常德市汇文中学 约80米,距常德女子外语学校-北门 约264米",111.65771,29.054798,0.0,119.0
603,603,603,,2017-05-28 13:21:03,0.0,119.0,"ACC开,3D定位,天线正常","湖南省常德市武陵区G207(常澧路),距常德市汇文中学 约80米,距常德女子外语学校-北门 约264米",111.65771,29.054798,0.0,119.0
604,604,604,,2017-05-28 13:21:51,0.0,119.0,"ACC开,3D定位,天线正常","湖南省常德市武陵区G207(常澧路),距常德市汇文中学 约80米,距常德女子外语学校-北门 约264米",111.65771,29.054798,0.0,119.0
605,605,605,,2017-05-28 13:25:04,0.0,119.0,"ACC开,3D定位,天线正常","湖南省常德市武陵区G207(常澧路),距常德市汇文中学 约80米,距常德女子外语学校-北门 约264米",111.65771,29.054798,0.0,119.0
606,606,606,,2017-05-28 13:25:52,0.0,119.0,"ACC开,3D定位,天线正常","湖南省常德市武陵区G207(常澧路),距常德市汇文中学 约80米,距常德女子外语学校-北门 约264米",111.65771,29.054798,0.0,119.0
607,607,607,,2017-05-28 13:28:00,0.0,119.0,"ACC开,3D定位,天线正常","湖南省常德市武陵区G207(常澧路),距常德市汇文中学 约80米,距常德女子外语学校-北门 约264米",111.65771,29.054798,0.0,119.0
608,608,608,,2017-05-28 13:28:48,0.0,119.0,"ACC开,3D定位,天线正常","湖南省常德市武陵区G207(常澧路),距常德市汇文中学 约80米,距常德女子外语学校-北门 约264米",111.65771,29.054798,0.0,119.0
609,609,609,,2017-05-28 13:29:36,0.0,119.0,"ACC开,3D定位,天线正常","湖南省常德市武陵区G207(常澧路),距常德市汇文中学 约80米,距常德女子外语学校-北门 约264米",111.65771,29.054798,0.0,119.0
610,610,610,,2017-05-28 13:30:24,0.0,119.0,"ACC开,3D定位,天线正常","湖南省常德市武陵区G207(常澧路),距常德市汇文中学 约80米,距常德女子外语学校-北门 约264米",111.65771,29.054798,0.0,119.0
611,611,611,,2017-05-28 13:31:12,0.0,119.0,"ACC开,3D定位,天线正常","湖南省常德市武陵区G207(常澧路),距常德市汇文中学 约80米,距常德女子外语学校-北门 约264米",111.65771,29.054798,0.0,119.0
612,612,612,,2017-05-28 13:34:09,0.0,119.0,"ACC开,3D定位,天线正常","湖南省常德市武陵区G207(常澧路),距常德市汇文中学 约80米,距常德女子外语学校-北门 约264米",111.65771,29.054798,0.0,119.0
613,613,613,,2017-05-28 13:34:56,0.0,119.0,"ACC开,3D定位,天线正常","湖南省常德市武陵区G207(常澧路),距常德市汇文中学 约80米,距常德女子外语学校-北门 约264米",111.65771,29.054798,0.0,119.0
614,614,614,,2017-05-28 13:35:44,0.0,119.0,"ACC开,3D定位,天线正常","湖南省常德市武陵区G207(常澧路),距常德市汇文中学 约80米,距常德女子外语学校-北门 约264米",111.65771,29.054798,0.0,119.0
615,615,615,,2017-05-28 13:36:32,0.0,119.0,"ACC开,3D定位,天线正常","湖南省常德市武陵区G207(常澧路),距常德市汇文中学 约80米,距常德女子外语学校-北门 约264米",111.65771,29.054798,0.0,119.0
616,616,616,,2017-05-28 13:37:20,0.0,119.0,"ACC开,3D定位,天线正常","湖南省常德市武陵区G207(常澧路),距常德市汇文中学 约80米,距常德女子外语学校-北门 约264米",111.65771,29.054798,0.0,119.0
617,617,617,,2017-05-28 13:39:13,0.0,119.0,"ACC开,3D定位,天线正常","湖南省常德市武陵区G207(常澧路),距常德市汇文中学 约80米,距常德女子外语学校-北门 约264米",111.65771,29.054798,0.0,119.0
618,618,618,,2017-05-28 13:40:00,0.0,119.0,"ACC开,3D定位,天线正常","湖南省常德市武陵区G207(常澧路),距常德市汇文中学 约80米,距常德女子外语学校-北门 约264米",111.65771,29.054798,0.0,119.0
619,619,619,,2017-05-28 13:40:48,0.0,119.0,"ACC开,3D定位,天线正常","湖南省常德市武陵区G207(常澧路),距常德市汇文中学 约80米,距常德女子外语学校-北门 约264米",111.65771,29.054798,0.0,119.0
620,620,620,,2017-05-28 13:41:36,0.0,119.0,"ACC开,3D定位,天线正常","湖南省常德市武陵区G207(常澧路),距常德市汇文中学 约80米,距常德女子外语学校-北门 约264米",111.65771,29.054798,0.0,119.0
621,621,621,,2017-05-28 13:42:25,0.0,119.0,"ACC开,3D定位,天线正常","湖南省常德市武陵区G207(常澧路),距常德市汇文中学 约80米,距常德女子外语学校-北门 约264米",111.65771,29.054798,0.0,119.0
622,622,622,,2017-05-28 13:45:05,0.0,119.0,"ACC开,3D定位,天线正常","湖南省常德市武陵区G207(常澧路),距常德市汇文中学 约80米,距常德女子外语学校-北门 约264米",111.65771,29.054798,0.0,119.0
623,623,623,,2017-05-28 13:45:53,0.0,119.0,"ACC开,3D定位,天线正常","湖南省常德市武陵区G207(常澧路),距常德市汇文中学 约80米,距常德女子外语学校-北门 约264米",111.65771,29.054798,0.0,119.0
624,624,624,,2017-05-28 13:46:41,0.0,119.0,"ACC开,3D定位,天线正常","湖南省常德市武陵区G207(常澧路),距常德市汇文中学 约80米,距常德女子外语学校-北门 约264米",111.65771,29.054798,0.0,119.0
625,625,625,,2017-05-28 13:47:29,0.0,119.0,"ACC开,3D定位,天线正常","湖南省常德市武陵区G207(常澧路),距常德市汇文中学 约80米,距常德女子外语学校-北门 约264米",111.65771,29.054798,0.0,119.0
626,626,626,,2017-05-28 13:48:17,0.0,119.0,"ACC开,3D定位,天线正常","湖南省常德市武陵区G207(常澧路),距常德市汇文中学 约80米,距常德女子外语学校-北门 约264米",111.65771,29.054798,0.0,119.0
627,627,627,,2017-05-28 13:50:25,0.0,119.0,"ACC开,3D定位,天线正常","湖南省常德市武陵区G207(常澧路),距常德市汇文中学 约80米,距常德女子外语学校-北门 约264米",111.65771,29.054798,0.0,119.0
628,628,628,,2017-05-28 13:51:13,0.0,119.0,"ACC开,3D定位,天线正常","湖南省常德市武陵区G207(常澧路),距常德市汇文中学 约80米,距常德女子外语学校-北门 约264米",111.65771,29.054798,0.0,119.0
629,629,629,,2017-05-28 13:52:01,0.0,119.0,"ACC开,3D定位,天线正常","湖南省常德市武陵区G207(常澧路),距常德市汇文中学 约80米,距常德女子外语学校-北门 约264米",111.65771,29.054798,0.0,119.0
630,630,630,,2017-05-28 13:52:50,0.0,119.0,"ACC开,3D定位,天线正常","湖南省常德市武陵区G207(常澧路),距常德市汇文中学 约80米,距常德女子外语学校-北门 约264米",111.65771,29.054798,0.0,119.0
631,631,631,,2017-05-28 13:53:38,0.0,119.0,"ACC开,3D定位,天线正常","湖南省常德市武陵区G207(常澧路),距常德市汇文中学 约80米,距常德女子外语学校-北门 约264米",111.65771,29.054798,0.0,119.0
632,632,632,,2017-05-28 13:56:17,0.0,119.0,"ACC开,3D定位,天线正常","湖南省常德市武陵区G207(常澧路),距常德市汇文中学 约80米,距常德女子外语学校-北门 约264米",111.65771,29.054798,0.0,119.0
633,633,633,,2017-05-28 13:57:04,0.0,119.0,"ACC开,3D定位,天线正常","湖南省常德市武陵区G207(常澧路),距常德市汇文中学 约80米,距常德女子外语学校-北门 约264米",111.65771,29.054798,0.0,119.0
634,634,634,,2017-05-28 13:57:53,0.0,119.0,"ACC开,3D定位,天线正常","湖南省常德市武陵区G207(常澧路),距常德市汇文中学 约80米,距常德女子外语学校-北门 约264米",111.65771,29.054798,0.0,119.0
635,635,635,,2017-05-28 13:58:41,0.0,119.0,"ACC开,3D定位,天线正常","湖南省常德市武陵区G207(常澧路),距常德市汇文中学 约80米,距常德女子外语学校-北门 约264米",111.65771,29.054798,0.0,119.0
636,636,636,,2017-05-28 14:04:18,0.0,119.0,"ACC开,3D定位,天线正常","湖南省常德市武陵区G207(常澧路),距常德市汇文中学 约80米,距常德女子外语学校-北门 约264米",111.65771,29.054798,0.0,119.0
637,637,637,,2017-05-28 14:05:09,0.0,119.0,"ACC开,3D定位,天线正常","湖南省常德市武陵区G207(常澧路),距常德市汇文中学 约80米,距常德女子外语学校-北门 约264米",111.65771,29.054798,0.0,119.0
638,638,638,,2017-05-28 14:05:57,0.0,119.0,"ACC开,3D定位,天线正常","湖南省常德市武陵区G207(常澧路),距常德市汇文中学 约80米,距常德女子外语学校-北门 约264米",111.65771,29.054798,0.0,119.0
639,639,639,,2017-05-28 14:06:45,0.0,119.0,"ACC开,3D定位,天线正常","湖南省常德市武陵区G207(常澧路),距常德市汇文中学 约80米,距常德女子外语学校-北门 约264米",111.65771,29.054798,0.0,119.0
640,640,640,,2017-05-28 14:07:33,0.0,119.0,"ACC开,3D定位,天线正常","湖南省常德市武陵区G207(常澧路),距常德市汇文中学 约80米,距常德女子外语学校-北门 约264米",111.65771,29.054798,0.0,119.0
641,641,641,,2017-05-28 14:08:21,0.0,119.0,"ACC开,3D定位,天线正常","湖南省常德市武陵区G207(常澧路),距常德市汇文中学 约80米,距常德女子外语学校-北门 约264米",111.65771,29.054798,0.0,119.0
642,642,642,,2017-05-28 14:09:09,0.0,119.0,"ACC开,3D定位,天线正常","湖南省常德市武陵区G207(常澧路),距常德市汇文中学 约80米,距常德女子外语学校-北门 约264米",111.65771,29.054798,0.0,119.0
643,643,643,,2017-05-28 14:09:57,0.0,119.0,"ACC开,3D定位,天线正常","湖南省常德市武陵区G207(常澧路),距常德市汇文中学 约80米,距常德女子外语学校-北门 约264米",111.65771,29.054798,0.0,119.0
644,644,644,,2017-05-28 14:10:45,0.0,119.0,"ACC开,3D定位,天线正常","湖南省常德市武陵区G207(常澧路),距常德市汇文中学 约80米,距常德女子外语学校-北门 约264米",111.65771,29.054798,0.0,119.0
645,645,645,,2017-05-28 14:11:33,0.0,119.0,"ACC开,3D定位,天线正常","湖南省常德市武陵区G207(常澧路),距常德市汇文中学 约80米,距常德女子外语学校-北门 约264米",111.65771,29.054798,0.0,119.0
646,646,646,,2017-05-28 14:12:20,0.0,119.0,"ACC开,3D定位,天线正常","湖南省常德市武陵区G207(常澧路),距常德市汇文中学 约80米,距常德女子外语学校-北门 约264米",111.65771,29.054798,0.0,119.0
647,647,647,,2017-05-28 14:13:08,0.0,119.0,"ACC开,3D定位,天线正常","湖南省常德市武陵区G207(常澧路),距常德市汇文中学 约80米,距常德女子外语学校-北门 约264米",111.65771,29.054798,0.0,119.0
648,648,648,,2017-05-28 14:13:56,0.0,119.0,"ACC开,3D定位,天线正常","湖南省常德市武陵区G207(常澧路),距常德市汇文中学 约80米,距常德女子外语学校-北门 约264米",111.65771,29.054798,0.0,119.0
649,649,649,,2017-05-28 14:14:44,0.0,119.0,"ACC开,3D定位,天线正常","湖南省常德市武陵区G207(常澧路),距常德市汇文中学 约80米,距常德女子外语学校-北门 约264米",111.65771,29.054798,0.0,119.0
650,650,650,,2017-05-28 14:15:33,0.0,119.0,"ACC开,3D定位,天线正常","湖南省常德市武陵区G207(常澧路),距常德市汇文中学 约80米,距常德女子外语学校-北门 约264米",111.65771,29.054798,0.0,119.0
651,651,651,,2017-05-28 14:16:20,0.0,119.0,"ACC开,3D定位,天线正常","湖南省常德市武陵区G207(常澧路),距常德市汇文中学 约80米,距常德女子外语学校-北门 约264米",111.65771,29.054798,0.0,119.0
652,652,652,,2017-05-28 14:18:46,0.0,119.0,"ACC开,3D定位,天线正常","湖南省常德市武陵区G207(常澧路),距常德市汇文中学 约80米,距常德女子外语学校-北门 约264米",111.65771,29.054798,0.0,119.0
653,653,653,,2017-05-28 14:19:34,0.0,119.0,"ACC开,3D定位,天线正常","湖南省常德市武陵区G207(常澧路),距常德市汇文中学 约80米,距常德女子外语学校-北门 约264米",111.65771,29.054798,0.0,119.0
654,654,654,,2017-05-28 14:20:22,0.0,119.0,"ACC开,3D定位,天线正常","湖南省常德市武陵区G207(常澧路),距常德市汇文中学 约80米,距常德女子外语学校-北门 约264米",111.65771,29.054798,0.0,119.0
655,655,655,,2017-05-28 14:21:10,0.0,119.0,"ACC开,3D定位,天线正常","湖南省常德市武陵区G207(常澧路),距常德市汇文中学 约80米,距常德女子外语学校-北门 约264米",111.65771,29.054798,0.0,119.0
656,656,656,,2017-05-28 14:32:12,0.0,119.0,"ACC开,3D定位,天线正常","湖南省常德市武陵区G207(常澧路),距常德市汇文中学 约80米,距常德女子外语学校-北门 约264米",111.65771,29.054798,0.0,119.0
657,657,657,,2017-05-28 14:33:00,0.0,119.0,"ACC开,3D定位,天线正常","湖南省常德市武陵区G207(常澧路),距常德市汇文中学 约80米,距常德女子外语学校-北门 约264米",111.65771,29.054798,0.0,119.0
658,658,658,,2017-05-28 14:33:48,0.0,119.0,"ACC开,3D定位,天线正常","湖南省常德市武陵区G207(常澧路),距常德市汇文中学 约80米,距常德女子外语学校-北门 约264米",111.65771,29.054798,0.0,119.0
659,659,659,,2017-05-28 14:34:37,0.0,119.0,"ACC开,3D定位,天线正常","湖南省常德市武陵区G207(常澧路),距常德市汇文中学 约80米,距常德女子外语学校-北门 约264米",111.65771,29.054798,0.0,119.0
660,660,660,,2017-05-28 14:35:25,0.0,119.0,"ACC开,3D定位,天线正常","湖南省常德市武陵区G207(常澧路),距常德市汇文中学 约80米,距常德女子外语学校-北门 约264米",111.65771,29.054798,0.0,119.0
661,661,661,,2017-05-28 14:36:12,0.0,119.0,"ACC开,3D定位,天线正常","湖南省常德市武陵区G207(常澧路),距常德市汇文中学 约80米,距常德女子外语学校-北门 约264米",111.65771,29.054798,0.0,119.0
662,662,662,,2017-05-28 14:38:21,0.0,119.0,"ACC开,3D定位,天线正常","湖南省常德市武陵区G207(常澧路),距常德市汇文中学 约80米,距常德女子外语学校-北门 约264米",111.65771,29.054798,0.0,119.0
663,663,663,,2017-05-28 14:39:09,0.0,119.0,"ACC开,3D定位,天线正常","湖南省常德市武陵区G207(常澧路),距常德市汇文中学 约80米,距常德女子外语学校-北门 约264米",111.65771,29.054798,0.0,119.0
664,664,664,,2017-05-28 14:39:57,0.0,119.0,"ACC开,3D定位,天线正常","湖南省常德市武陵区G207(常澧路),距常德市汇文中学 约80米,距常德女子外语学校-北门 约264米",111.65771,29.054798,0.0,119.0
665,665,665,,2017-05-28 14:40:45,0.0,119.0,"ACC开,3D定位,天线正常","湖南省常德市武陵区G207(常澧路),距常德市汇文中学 约80米,距常德女子外语学校-北门 约264米",111.65771,29.054798,0.0,119.0
666,666,666,,2017-05-28 14:41:33,0.0,119.0,"ACC开,3D定位,天线正常","湖南省常德市武陵区G207(常澧路),距常德市汇文中学 约80米,距常德女子外语学校-北门 约264米",111.65771,29.054798,0.0,119.0
667,667,667,,2017-05-28 14:44:46,0.0,119.0,"ACC开,3D定位,天线正常","湖南省常德市武陵区G207(常澧路),距常德市汇文中学 约80米,距常德女子外语学校-北门 约264米",111.65771,29.054798,0.0,119.0
668,668,668,,2017-05-28 14:45:34,0.0,119.0,"ACC开,3D定位,天线正常","湖南省常德市武陵区G207(常澧路),距常德市汇文中学 约80米,距常德女子外语学校-北门 约264米",111.65771,29.054798,0.0,119.0
669,669,669,,2017-05-28 14:46:21,0.0,119.0,"ACC开,3D定位,天线正常","湖南省常德市武陵区G207(常澧路),距常德市汇文中学 约80米,距常德女子外语学校-北门 约264米",111.65771,29.054798,0.0,119.0
670,670,670,,2017-05-28 14:47:09,0.0,119.0,"ACC开,3D定位,天线正常","湖南省常德市武陵区G207(常澧路),距常德市汇文中学 约80米,距常德女子外语学校-北门 约264米",111.65771,29.054798,0.0,119.0
671,671,671,,2017-05-28 14:47:57,0.0,119.0,"ACC开,3D定位,天线正常","湖南省常德市武陵区G207(常澧路),距常德市汇文中学 约80米,距常德女子外语学校-北门 约264米",111.65771,29.054798,0.0,119.0
672,672,672,,2017-05-28 14:50:06,0.0,119.0,"ACC开,3D定位,天线正常","湖南省常德市武陵区G207(常澧路),距常德市汇文中学 约80米,距常德女子外语学校-北门 约264米",111.65771,29.054798,0.0,119.0
673,673,673,,2017-05-28 14:50:54,0.0,119.0,"ACC开,3D定位,天线正常","湖南省常德市武陵区G207(常澧路),距常德市汇文中学 约80米,距常德女子外语学校-北门 约264米",111.65771,29.054798,0.0,119.0
674,674,674,,2017-05-28 14:51:42,0.0,119.0,"ACC开,3D定位,天线正常","湖南省常德市武陵区G207(常澧路),距常德市汇文中学 约80米,距常德女子外语学校-北门 约264米",111.65771,29.054798,0.0,119.0
675,675,675,,2017-05-28 14:52:30,0.0,119.0,"ACC开,3D定位,天线正常","湖南省常德市武陵区G207(常澧路),距常德市汇文中学 约80米,距常德女子外语学校-北门 约264米",111.65771,29.054798,0.0,119.0
676,676,676,,2017-05-28 14:53:18,0.0,119.0,"ACC开,3D定位,天线正常","湖南省常德市武陵区G207(常澧路),距常德市汇文中学 约80米,距常德女子外语学校-北门 约264米",111.65771,29.054798,0.0,119.0
677,677,677,,2017-05-28 14:55:26,0.0,119.0,"ACC开,3D定位,天线正常","湖南省常德市武陵区G207(常澧路),距常德市汇文中学 约80米,距常德女子外语学校-北门 约264米",111.65771,29.054798,0.0,119.0
678,678,678,,2017-05-28 14:56:14,0.0,119.0,"ACC开,3D定位,天线正常","湖南省常德市武陵区G207(常澧路),距常德市汇文中学 约80米,距常德女子外语学校-北门 约264米",111.65771,29.054798,0.0,119.0
679,679,679,,2017-05-28 14:57:02,0.0,119.0,"ACC开,3D定位,天线正常","湖南省常德市武陵区G207(常澧路),距常德市汇文中学 约80米,距常德女子外语学校-北门 约264米",111.65771,29.054798,0.0,119.0
680,680,680,,2017-05-28 14:57:50,0.0,119.0,"ACC开,3D定位,天线正常","湖南省常德市武陵区G207(常澧路),距常德市汇文中学 约80米,距常德女子外语学校-北门 约264米",111.65771,29.054798,0.0,119.0
681,681,681,,2017-05-28 14:58:38,0.0,119.0,"ACC开,3D定位,天线正常","湖南省常德市武陵区G207(常澧路),距常德市汇文中学 约80米,距常德女子外语学校-北门 约264米",111.65771,29.054798,0.0,119.0
682,682,682,,2017-05-28 15:01:34,0.0,119.0,"ACC开,3D定位,天线正常","湖南省常德市武陵区G207(常澧路),距常德市汇文中学 约80米,距常德女子外语学校-北门 约264米",111.65771,29.054798,0.0,119.0
683,683,683,,2017-05-28 15:02:22,0.0,119.0,"ACC开,3D定位,天线正常","湖南省常德市武陵区G207(常澧路),距常德市汇文中学 约80米,距常德女子外语学校-北门 约264米",111.65771,29.054798,0.0,119.0
684,684,684,,2017-05-28 15:03:10,0.0,119.0,"ACC开,3D定位,天线正常","湖南省常德市武陵区G207(常澧路),距常德市汇文中学 约80米,距常德女子外语学校-北门 约264米",111.65771,29.054798,0.0,119.0
685,685,685,,2017-05-28 15:03:58,0.0,119.0,"ACC开,3D定位,天线正常","湖南省常德市武陵区G207(常澧路),距常德市汇文中学 约80米,距常德女子外语学校-北门 约264米",111.65771,29.054798,0.0,119.0
686,686,686,,2017-05-28 15:04:45,0.0,119.0,"ACC开,3D定位,天线正常","湖南省常德市武陵区G207(常澧路),距常德市汇文中学 约80米,距常德女子外语学校-北门 约264米",111.65771,29.054798,0.0,119.0
687,687,687,,2017-05-28 15:07:11,0.0,119.0,"ACC开,3D定位,天线正常","湖南省常德市武陵区G207(常澧路),距常德市汇文中学 约80米,距常德女子外语学校-北门 约264米",111.65771,29.054798,0.0,119.0
688,688,688,,2017-05-28 15:07:59,0.0,119.0,"ACC开,3D定位,天线正常","湖南省常德市武陵区G207(常澧路),距常德市汇文中学 约80米,距常德女子外语学校-北门 约264米",111.65771,29.054798,0.0,119.0
689,689,689,,2017-05-28 15:08:47,0.0,119.0,"ACC开,3D定位,天线正常","湖南省常德市武陵区G207(常澧路),距常德市汇文中学 约80米,距常德女子外语学校-北门 约264米",111.65771,29.054798,0.0,119.0
690,690,690,,2017-05-28 15:09:35,0.0,119.0,"ACC开,3D定位,天线正常","湖南省常德市武陵区G207(常澧路),距常德市汇文中学 约80米,距常德女子外语学校-北门 约264米",111.65771,29.054798,0.0,119.0
691,691,691,,2017-05-28 15:10:23,0.0,119.0,"ACC开,3D定位,天线正常","湖南省常德市武陵区G207(常澧路),距常德市汇文中学 约80米,距常德女子外语学校-北门 约264米",111.65771,29.054798,0.0,119.0
692,692,692,,2017-05-28 15:11:43,0.0,119.0,"ACC开,3D定位,天线正常","湖南省常德市武陵区G207(常澧路),距常德市汇文中学 约80米,距常德女子外语学校-北门 约264米",111.65771,29.054798,0.0,119.0
693,693,693,,2017-05-28 15:12:31,0.0,119.0,"ACC开,3D定位,天线正常","湖南省常德市武陵区G207(常澧路),距常德市汇文中学 约80米,距常德女子外语学校-北门 约264米",111.65771,29.054798,0.0,119.0
694,694,694,,2017-05-28 15:13:19,0.0,119.0,"ACC开,3D定位,天线正常","湖南省常德市武陵区G207(常澧路),距常德市汇文中学 约80米,距常德女子外语学校-北门 约264米",111.65771,29.054798,0.0,119.0
695,695,695,,2017-05-28 15:14:07,0.0,119.0,"ACC开,3D定位,天线正常","湖南省常德市武陵区G207(常澧路),距常德市汇文中学 约80米,距常德女子外语学校-北门 约264米",111.65771,29.054798,0.0,119.0
696,696,696,,2017-05-28 15:14:55,0.0,119.0,"ACC开,3D定位,天线正常","湖南省常德市武陵区G207(常澧路),距常德市汇文中学 约80米,距常德女子外语学校-北门 约264米",111.65771,29.054798,0.0,119.0
697,697,697,,2017-05-28 15:17:03,0.0,119.0,"ACC开,3D定位,天线正常","湖南省常德市武陵区G207(常澧路),距常德市汇文中学 约80米,距常德女子外语学校-北门 约264米",111.65771,29.054798,0.0,119.0
698,698,698,,2017-05-28 15:17:51,0.0,119.0,"ACC开,3D定位,天线正常","湖南省常德市武陵区G207(常澧路),距常德市汇文中学 约80米,距常德女子外语学校-北门 约264米",111.65771,29.054798,0.0,119.0
699,699,699,,2017-05-28 15:18:40,0.0,119.0,"ACC开,3D定位,天线正常","湖南省常德市武陵区G207(常澧路),距常德市汇文中学 约80米,距常德女子外语学校-北门 约264米",111.65771,29.054798,0.0,119.0
700,700,700,,2017-05-28 15:19:27,0.0,119.0,"ACC开,3D定位,天线正常","湖南省常德市武陵区G207(常澧路),距常德市汇文中学 约80米,距常德女子外语学校-北门 约264米",111.65771,29.054798,0.0,119.0
701,701,701,,2017-05-28 15:20:16,0.0,119.0,"ACC开,3D定位,天线正常","湖南省常德市武陵区G207(常澧路),距常德市汇文中学 约80米,距常德女子外语学校-北门 约264米",111.65771,29.054798,0.0,119.0
702,702,702,,2017-05-28 15:21:35,0.0,119.0,"ACC开,3D定位,天线正常","湖南省常德市武陵区G207(常澧路),距常德市汇文中学 约80米,距常德女子外语学校-北门 约264米",111.65771,29.054798,0.0,119.0
703,703,703,,2017-05-28 15:22:22,0.0,119.0,"ACC开,3D定位,天线正常","湖南省常德市武陵区G207(常澧路),距常德市汇文中学 约80米,距常德女子外语学校-北门 约264米",111.65771,29.054798,0.0,119.0
704,704,704,,2017-05-28 15:23:11,0.0,119.0,"ACC开,3D定位,天线正常","湖南省常德市武陵区G207(常澧路),距常德市汇文中学 约80米,距常德女子外语学校-北门 约264米",111.65771,29.054798,0.0,119.0
705,705,705,,2017-05-28 15:23:59,0.0,119.0,"ACC开,3D定位,天线正常","湖南省常德市武陵区G207(常澧路),距常德市汇文中学 约80米,距常德女子外语学校-北门 约264米",111.65771,29.054798,0.0,119.0
706,706,706,,2017-05-28 15:24:47,0.0,119.0,"ACC开,3D定位,天线正常","湖南省常德市武陵区G207(常澧路),距常德市汇文中学 约80米,距常德女子外语学校-北门 约264米",111.65771,29.054798,0.0,119.0
707,707,707,,2017-05-28 15:28:00,0.0,119.0,"ACC开,3D定位,天线正常","湖南省常德市武陵区G207(常澧路),距常德市汇文中学 约80米,距常德女子外语学校-北门 约264米",111.65771,29.054798,0.0,119.0
708,708,708,,2017-05-28 15:28:48,0.0,119.0,"ACC开,3D定位,天线正常","湖南省常德市武陵区G207(常澧路),距常德市汇文中学 约80米,距常德女子外语学校-北门 约264米",111.65771,29.054798,0.0,119.0
709,709,709,,2017-05-28 15:29:36,0.0,119.0,"ACC开,3D定位,天线正常","湖南省常德市武陵区G207(常澧路),距常德市汇文中学 约80米,距常德女子外语学校-北门 约264米",111.65771,29.054798,0.0,119.0
710,710,710,,2017-05-28 15:30:24,0.0,119.0,"ACC开,3D定位,天线正常","湖南省常德市武陵区G207(常澧路),距常德市汇文中学 约80米,距常德女子外语学校-北门 约264米",111.65771,29.054798,0.0,119.0
711,711,711,,2017-05-28 15:31:12,0.0,119.0,"ACC开,3D定位,天线正常","湖南省常德市武陵区G207(常澧路),距常德市汇文中学 约80米,距常德女子外语学校-北门 约264米",111.65771,29.054798,0.0,119.0
712,712,712,,2017-05-28 15:33:52,0.0,119.0,"ACC开,3D定位,天线正常","湖南省常德市武陵区G207(常澧路),距常德市汇文中学 约80米,距常德女子外语学校-北门 约264米",111.65771,29.054798,0.0,119.0
713,713,713,,2017-05-28 15:34:40,0.0,119.0,"ACC开,3D定位,天线正常","湖南省常德市武陵区G207(常澧路),距常德市汇文中学 约80米,距常德女子外语学校-北门 约264米",111.65771,29.054798,0.0,119.0
714,714,714,,2017-05-28 15:35:29,0.0,119.0,"ACC开,3D定位,天线正常","湖南省常德市武陵区G207(常澧路),距常德市汇文中学 约80米,距常德女子外语学校-北门 约264米",111.65771,29.054798,0.0,119.0
715,715,715,,2017-05-28 15:36:16,0.0,119.0,"ACC开,3D定位,天线正常","湖南省常德市武陵区G207(常澧路),距常德市汇文中学 约80米,距常德女子外语学校-北门 约264米",111.65771,29.054798,0.0,119.0
716,716,716,,2017-05-28 15:37:04,0.0,119.0,"ACC开,3D定位,天线正常","湖南省常德市武陵区G207(常澧路),距常德市汇文中学 约80米,距常德女子外语学校-北门 约264米",111.65771,29.054798,0.0,119.0
717,717,717,,2017-05-28 15:39:45,0.0,119.0,"ACC开,3D定位,天线正常","湖南省常德市武陵区G207(常澧路),距常德市汇文中学 约80米,距常德女子外语学校-北门 约264米",111.65771,29.054798,0.0,119.0
718,718,718,,2017-05-28 15:40:34,0.0,119.0,"ACC开,3D定位,天线正常","湖南省常德市武陵区G207(常澧路),距常德市汇文中学 约80米,距常德女子外语学校-北门 约264米",111.65771,29.054798,0.0,119.0
719,719,719,,2017-05-28 15:41:22,0.0,119.0,"ACC开,3D定位,天线正常","湖南省常德市武陵区G207(常澧路),距常德市汇文中学 约80米,距常德女子外语学校-北门 约264米",111.65771,29.054798,0.0,119.0
720,720,720,,2017-05-28 15:42:10,0.0,119.0,"ACC开,3D定位,天线正常","湖南省常德市武陵区G207(常澧路),距常德市汇文中学 约80米,距常德女子外语学校-北门 约264米",111.65771,29.054798,0.0,119.0
721,721,721,,2017-05-28 15:42:58,0.0,119.0,"ACC开,3D定位,天线正常","湖南省常德市武陵区G207(常澧路),距常德市汇文中学 约80米,距常德女子外语学校-北门 约264米",111.65771,29.054798,0.0,119.0
722,722,722,,2017-05-28 15:45:38,0.0,119.0,"ACC开,3D定位,天线正常","湖南省常德市武陵区G207(常澧路),距常德市汇文中学 约80米,距常德女子外语学校-北门 约264米",111.65771,29.054798,0.0,119.0
723,723,723,,2017-05-28 15:46:26,0.0,119.0,"ACC开,3D定位,天线正常","湖南省常德市武陵区G207(常澧路),距常德市汇文中学 约80米,距常德女子外语学校-北门 约264米",111.65771,29.054798,0.0,119.0
724,724,724,,2017-05-28 15:47:14,0.0,119.0,"ACC开,3D定位,天线正常","湖南省常德市武陵区G207(常澧路),距常德市汇文中学 约80米,距常德女子外语学校-北门 约264米",111.65771,29.054798,0.0,119.0
725,725,725,,2017-05-28 15:48:02,0.0,119.0,"ACC开,3D定位,天线正常","湖南省常德市武陵区G207(常澧路),距常德市汇文中学 约80米,距常德女子外语学校-北门 约264米",111.65771,29.054798,0.0,119.0
726,726,726,,2017-05-28 15:48:50,0.0,119.0,"ACC开,3D定位,天线正常","湖南省常德市武陵区G207(常澧路),距常德市汇文中学 约80米,距常德女子外语学校-北门 约264米",111.65771,29.054798,0.0,119.0
727,727,727,,2017-05-28 15:51:14,0.0,119.0,"ACC开,3D定位,天线正常","湖南省常德市武陵区G207(常澧路),距常德市汇文中学 约80米,距常德女子外语学校-北门 约264米",111.65771,29.054798,0.0,119.0
728,728,728,,2017-05-28 15:52:02,0.0,119.0,"ACC开,3D定位,天线正常","湖南省常德市武陵区G207(常澧路),距常德市汇文中学 约80米,距常德女子外语学校-北门 约264米",111.65771,29.054798,0.0,119.0
729,729,729,,2017-05-28 15:52:50,0.0,119.0,"ACC开,3D定位,天线正常","湖南省常德市武陵区G207(常澧路),距常德市汇文中学 约80米,距常德女子外语学校-北门 约264米",111.65771,29.054798,0.0,119.0
730,730,730,,2017-05-28 15:53:38,0.0,119.0,"ACC开,3D定位,天线正常","湖南省常德市武陵区G207(常澧路),距常德市汇文中学 约80米,距常德女子外语学校-北门 约264米",111.65771,29.054798,0.0,119.0
731,731,731,,2017-05-28 15:54:26,0.0,119.0,"ACC开,3D定位,天线正常","湖南省常德市武陵区G207(常澧路),距常德市汇文中学 约80米,距常德女子外语学校-北门 约264米",111.65771,29.054798,0.0,119.0
732,732,732,,2017-05-28 15:55:46,0.0,119.0,"ACC开,3D定位,天线正常","湖南省常德市武陵区G207(常澧路),距常德市汇文中学 约80米,距常德女子外语学校-北门 约264米",111.65771,29.054798,0.0,119.0
733,733,733,,2017-05-28 15:56:33,0.0,119.0,"ACC开,3D定位,天线正常","湖南省常德市武陵区G207(常澧路),距常德市汇文中学 约80米,距常德女子外语学校-北门 约264米",111.65771,29.054798,0.0,119.0
734,734,734,,2017-05-28 15:57:22,0.0,119.0,"ACC开,3D定位,天线正常","湖南省常德市武陵区G207(常澧路),距常德市汇文中学 约80米,距常德女子外语学校-北门 约264米",111.65771,29.054798,0.0,119.0
735,735,735,,2017-05-28 15:58:10,0.0,119.0,"ACC开,3D定位,天线正常","湖南省常德市武陵区G207(常澧路),距常德市汇文中学 约80米,距常德女子外语学校-北门 约264米",111.65771,29.054798,0.0,119.0
736,736,736,,2017-05-28 15:58:58,0.0,119.0,"ACC开,3D定位,天线正常","湖南省常德市武陵区G207(常澧路),距常德市汇文中学 约80米,距常德女子外语学校-北门 约264米",111.65771,29.054798,0.0,119.0
737,737,737,,2017-05-28 16:02:43,0.0,119.0,"ACC开,3D定位,天线正常","湖南省常德市武陵区G207(常澧路),距常德市汇文中学 约80米,距常德女子外语学校-北门 约264米",111.65771,29.054798,0.0,119.0
738,738,738,,2017-05-28 16:03:31,0.0,119.0,"ACC开,3D定位,天线正常","湖南省常德市武陵区G207(常澧路),距常德市汇文中学 约80米,距常德女子外语学校-北门 约264米",111.65771,29.054798,0.0,119.0
739,739,739,,2017-05-28 16:04:19,0.0,119.0,"ACC开,3D定位,天线正常","湖南省常德市武陵区G207(常澧路),距常德市汇文中学 约80米,距常德女子外语学校-北门 约264米",111.65771,29.054798,0.0,119.0
740,740,740,,2017-05-28 16:05:07,0.0,119.0,"ACC开,3D定位,天线正常","湖南省常德市武陵区G207(常澧路),距常德市汇文中学 约80米,距常德女子外语学校-北门 约264米",111.65771,29.054798,0.0,119.0
741,741,741,,2017-05-28 16:05:55,0.0,119.0,"ACC开,3D定位,天线正常","湖南省常德市武陵区G207(常澧路),距常德市汇文中学 约80米,距常德女子外语学校-北门 约264米",111.65771,29.054798,0.0,119.0
742,742,742,,2017-05-28 16:08:34,0.0,119.0,"ACC开,3D定位,天线正常","湖南省常德市武陵区G207(常澧路),距常德市汇文中学 约80米,距常德女子外语学校-北门 约264米",111.65771,29.054798,0.0,119.0
743,743,743,,2017-05-28 16:09:23,0.0,119.0,"ACC开,3D定位,天线正常","湖南省常德市武陵区G207(常澧路),距常德市汇文中学 约80米,距常德女子外语学校-北门 约264米",111.65771,29.054798,0.0,119.0
744,744,744,,2017-05-28 16:10:12,0.0,119.0,"ACC开,3D定位,天线正常","湖南省常德市武陵区G207(常澧路),距常德市汇文中学 约80米,距常德女子外语学校-北门 约264米",111.65771,29.054798,0.0,119.0
745,745,745,,2017-05-28 16:10:59,0.0,119.0,"ACC开,3D定位,天线正常","湖南省常德市武陵区G207(常澧路),距常德市汇文中学 约80米,距常德女子外语学校-北门 约264米",111.65771,29.054798,0.0,119.0
746,746,746,,2017-05-28 16:11:48,0.0,119.0,"ACC开,3D定位,天线正常","湖南省常德市武陵区G207(常澧路),距常德市汇文中学 约80米,距常德女子外语学校-北门 约264米",111.65771,29.054798,0.0,119.0
747,747,747,,2017-05-28 16:13:23,0.0,119.0,"ACC开,3D定位,天线正常","湖南省常德市武陵区G207(常澧路),距常德市汇文中学 约80米,距常德女子外语学校-北门 约264米",111.65771,29.054798,0.0,119.0
748,748,748,,2017-05-28 16:14:10,0.0,119.0,"ACC开,3D定位,天线正常","湖南省常德市武陵区G207(常澧路),距常德市汇文中学 约80米,距常德女子外语学校-北门 约264米",111.65771,29.054798,0.0,119.0
749,749,749,,2017-05-28 16:14:59,0.0,119.0,"ACC开,3D定位,天线正常","湖南省常德市武陵区G207(常澧路),距常德市汇文中学 约80米,距常德女子外语学校-北门 约264米",111.65771,29.054798,0.0,119.0
750,750,750,,2017-05-28 16:15:47,0.0,119.0,"ACC开,3D定位,天线正常","湖南省常德市武陵区G207(常澧路),距常德市汇文中学 约80米,距常德女子外语学校-北门 约264米",111.65771,29.054798,0.0,119.0
751,751,751,,2017-05-28 16:16:35,0.0,119.0,"ACC开,3D定位,天线正常","湖南省常德市武陵区G207(常澧路),距常德市汇文中学 约80米,距常德女子外语学校-北门 约264米",111.65771,29.054798,0.0,119.0
752,752,752,,2017-05-28 16:19:32,0.0,119.0,"ACC开,3D定位,天线正常","湖南省常德市武陵区G207(常澧路),距常德市汇文中学 约80米,距常德女子外语学校-北门 约264米",111.65771,29.054798,0.0,119.0
753,753,753,,2017-05-28 16:20:20,0.0,119.0,"ACC开,3D定位,天线正常","湖南省常德市武陵区G207(常澧路),距常德市汇文中学 约80米,距常德女子外语学校-北门 约264米",111.65771,29.054798,0.0,119.0
754,754,754,,2017-05-28 16:21:08,0.0,119.0,"ACC开,3D定位,天线正常","湖南省常德市武陵区G207(常澧路),距常德市汇文中学 约80米,距常德女子外语学校-北门 约264米",111.65771,29.054798,0.0,119.0
755,755,755,,2017-05-28 16:21:56,0.0,119.0,"ACC开,3D定位,天线正常","湖南省常德市武陵区G207(常澧路),距常德市汇文中学 约80米,距常德女子外语学校-北门 约264米",111.65771,29.054798,0.0,119.0
756,756,756,,2017-05-28 16:22:44,0.0,119.0,"ACC开,3D定位,天线正常","湖南省常德市武陵区G207(常澧路),距常德市汇文中学 约80米,距常德女子外语学校-北门 约264米",111.65771,29.054798,0.0,119.0
757,757,757,,2017-05-28 16:23:48,0.0,119.0,"ACC开,3D定位,天线正常","湖南省常德市武陵区G207(常澧路),距常德市汇文中学 约80米,距常德女子外语学校-北门 约264米",111.65771,29.054798,0.0,119.0
758,758,758,,2017-05-28 16:24:36,0.0,119.0,"ACC开,3D定位,天线正常","湖南省常德市武陵区G207(常澧路),距常德市汇文中学 约80米,距常德女子外语学校-北门 约264米",111.65771,29.054798,0.0,119.0
759,759,759,,2017-05-28 16:25:24,0.0,119.0,"ACC开,3D定位,天线正常","湖南省常德市武陵区G207(常澧路),距常德市汇文中学 约80米,距常德女子外语学校-北门 约264米",111.65771,29.054798,0.0,119.0
760,760,760,,2017-05-28 16:26:12,0.0,119.0,"ACC开,3D定位,天线正常","湖南省常德市武陵区G207(常澧路),距常德市汇文中学 约80米,距常德女子外语学校-北门 约264米",111.65771,29.054798,0.0,119.0
761,761,761,,2017-05-28 16:27:01,0.0,119.0,"ACC开,3D定位,天线正常","湖南省常德市武陵区G207(常澧路),距常德市汇文中学 约80米,距常德女子外语学校-北门 约264米",111.65771,29.054798,0.0,119.0
762,762,762,,2017-05-28 16:29:08,0.0,119.0,"ACC开,3D定位,天线正常","湖南省常德市武陵区G207(常澧路),距常德市汇文中学 约80米,距常德女子外语学校-北门 约264米",111.65771,29.054798,0.0,119.0
763,763,763,,2017-05-28 16:29:55,0.0,119.0,"ACC开,3D定位,天线正常","湖南省常德市武陵区G207(常澧路),距常德市汇文中学 约80米,距常德女子外语学校-北门 约264米",111.65771,29.054798,0.0,119.0
764,764,764,,2017-05-28 16:30:43,0.0,119.0,"ACC开,3D定位,天线正常","湖南省常德市武陵区G207(常澧路),距常德市汇文中学 约80米,距常德女子外语学校-北门 约264米",111.65771,29.054798,0.0,119.0
765,765,765,,2017-05-28 16:31:31,0.0,119.0,"ACC开,3D定位,天线正常","湖南省常德市武陵区G207(常澧路),距常德市汇文中学 约80米,距常德女子外语学校-北门 约264米",111.65771,29.054798,0.0,119.0
766,766,766,,2017-05-28 16:32:20,0.0,119.0,"ACC开,3D定位,天线正常","湖南省常德市武陵区G207(常澧路),距常德市汇文中学 约80米,距常德女子外语学校-北门 约264米",111.65771,29.054798,0.0,119.0
767,767,767,,2017-05-28 16:33:56,0.0,119.0,"ACC开,3D定位,天线正常","湖南省常德市武陵区G207(常澧路),距常德市汇文中学 约80米,距常德女子外语学校-北门 约264米",111.65771,29.054798,0.0,119.0
768,768,768,,2017-05-28 16:34:45,0.0,119.0,"ACC开,3D定位,天线正常","湖南省常德市武陵区G207(常澧路),距常德市汇文中学 约80米,距常德女子外语学校-北门 约264米",111.65771,29.054798,0.0,119.0
769,769,769,,2017-05-28 16:35:33,0.0,119.0,"ACC开,3D定位,天线正常","湖南省常德市武陵区G207(常澧路),距常德市汇文中学 约80米,距常德女子外语学校-北门 约264米",111.65771,29.054798,0.0,119.0
770,770,770,,2017-05-28 16:36:21,0.0,119.0,"ACC开,3D定位,天线正常","湖南省常德市武陵区G207(常澧路),距常德市汇文中学 约80米,距常德女子外语学校-北门 约264米",111.65771,29.054798,0.0,119.0
771,771,771,,2017-05-28 16:37:09,0.0,119.0,"ACC开,3D定位,天线正常","湖南省常德市武陵区G207(常澧路),距常德市汇文中学 约80米,距常德女子外语学校-北门 约264米",111.65771,29.054798,0.0,119.0
772,772,772,,2017-05-28 16:40:05,0.0,119.0,"ACC开,3D定位,天线正常","湖南省常德市武陵区G207(常澧路),距常德市汇文中学 约80米,距常德女子外语学校-北门 约264米",111.65771,29.054798,0.0,119.0
773,773,773,,2017-05-28 16:40:53,0.0,119.0,"ACC开,3D定位,天线正常","湖南省常德市武陵区G207(常澧路),距常德市汇文中学 约80米,距常德女子外语学校-北门 约264米",111.65771,29.054798,0.0,119.0
774,774,774,,2017-05-28 16:41:41,0.0,119.0,"ACC开,3D定位,天线正常","湖南省常德市武陵区G207(常澧路),距常德市汇文中学 约80米,距常德女子外语学校-北门 约264米",111.65771,29.054798,0.0,119.0
775,775,775,,2017-05-28 16:42:29,0.0,119.0,"ACC开,3D定位,天线正常","湖南省常德市武陵区G207(常澧路),距常德市汇文中学 约80米,距常德女子外语学校-北门 约264米",111.65771,29.054798,0.0,119.0
776,776,776,,2017-05-28 16:43:17,0.0,119.0,"ACC开,3D定位,天线正常","湖南省常德市武陵区G207(常澧路),距常德市汇文中学 约80米,距常德女子外语学校-北门 约264米",111.65771,29.054798,0.0,119.0
777,777,777,,2017-05-28 16:45:09,0.0,119.0,"ACC开,3D定位,天线正常","湖南省常德市武陵区G207(常澧路),距常德市汇文中学 约80米,距常德女子外语学校-北门 约264米",111.65771,29.054798,0.0,119.0
778,778,778,,2017-05-28 16:45:57,0.0,119.0,"ACC开,3D定位,天线正常","湖南省常德市武陵区G207(常澧路),距常德市汇文中学 约80米,距常德女子外语学校-北门 约264米",111.65771,29.054798,0.0,119.0
779,779,779,,2017-05-28 16:46:45,0.0,119.0,"ACC开,3D定位,天线正常","湖南省常德市武陵区G207(常澧路),距常德市汇文中学 约80米,距常德女子外语学校-北门 约264米",111.65771,29.054798,0.0,119.0
780,780,780,,2017-05-28 16:47:32,0.0,119.0,"ACC开,3D定位,天线正常","湖南省常德市武陵区G207(常澧路),距常德市汇文中学 约80米,距常德女子外语学校-北门 约264米",111.65771,29.054798,0.0,119.0
781,781,781,,2017-05-28 16:48:20,0.0,119.0,"ACC开,3D定位,天线正常","湖南省常德市武陵区G207(常澧路),距常德市汇文中学 约80米,距常德女子外语学校-北门 约264米",111.65771,29.054798,0.0,119.0
782,782,782,,2017-05-28 16:49:41,0.0,119.0,"ACC开,3D定位,天线正常","湖南省常德市武陵区G207(常澧路),距常德市汇文中学 约80米,距常德女子外语学校-北门 约264米",111.65771,29.054798,0.0,119.0
783,783,783,,2017-05-28 16:50:29,0.0,119.0,"ACC开,3D定位,天线正常","湖南省常德市武陵区G207(常澧路),距常德市汇文中学 约80米,距常德女子外语学校-北门 约264米",111.65771,29.054798,0.0,119.0
784,784,784,,2017-05-28 16:51:17,0.0,119.0,"ACC开,3D定位,天线正常","湖南省常德市武陵区G207(常澧路),距常德市汇文中学 约80米,距常德女子外语学校-北门 约264米",111.65771,29.054798,0.0,119.0
785,785,785,,2017-05-28 16:52:06,0.0,119.0,"ACC开,3D定位,天线正常","湖南省常德市武陵区G207(常澧路),距常德市汇文中学 约80米,距常德女子外语学校-北门 约264米",111.65771,29.054798,0.0,119.0
786,786,786,,2017-05-28 16:52:54,0.0,119.0,"ACC开,3D定位,天线正常","湖南省常德市武陵区G207(常澧路),距常德市汇文中学 约80米,距常德女子外语学校-北门 约264米",111.65771,29.054798,0.0,119.0
787,787,787,,2017-05-28 16:55:02,0.0,119.0,"ACC开,3D定位,天线正常","湖南省常德市武陵区G207(常澧路),距常德市汇文中学 约80米,距常德女子外语学校-北门 约264米",111.65771,29.054798,0.0,119.0
788,788,788,,2017-05-28 16:55:50,0.0,119.0,"ACC开,3D定位,天线正常","湖南省常德市武陵区G207(常澧路),距常德市汇文中学 约80米,距常德女子外语学校-北门 约264米",111.65771,29.054798,0.0,119.0
789,789,789,,2017-05-28 16:56:38,0.0,119.0,"ACC开,3D定位,天线正常","湖南省常德市武陵区G207(常澧路),距常德市汇文中学 约80米,距常德女子外语学校-北门 约264米",111.65771,29.054798,0.0,119.0
790,790,790,,2017-05-28 16:57:26,0.0,119.0,"ACC开,3D定位,天线正常","湖南省常德市武陵区G207(常澧路),距常德市汇文中学 约80米,距常德女子外语学校-北门 约264米",111.65771,29.054798,0.0,119.0
791,791,791,,2017-05-28 16:58:14,0.0,119.0,"ACC开,3D定位,天线正常","湖南省常德市武陵区G207(常澧路),距常德市汇文中学 约80米,距常德女子外语学校-北门 约264米",111.65771,29.054798,0.0,119.0
792,792,792,,2017-05-28 17:00:54,0.0,119.0,"ACC开,3D定位,天线正常","湖南省常德市武陵区G207(常澧路),距常德市汇文中学 约80米,距常德女子外语学校-北门 约264米",111.65771,29.054798,0.0,119.0
793,793,793,,2017-05-28 17:01:43,0.0,119.0,"ACC开,3D定位,天线正常","湖南省常德市武陵区G207(常澧路),距常德市汇文中学 约80米,距常德女子外语学校-北门 约264米",111.65771,29.054798,0.0,119.0
794,794,794,,2017-05-28 17:02:31,0.0,119.0,"ACC开,3D定位,天线正常","湖南省常德市武陵区G207(常澧路),距常德市汇文中学 约80米,距常德女子外语学校-北门 约264米",111.65771,29.054798,0.0,119.0
795,795,795,,2017-05-28 17:03:18,0.0,119.0,"ACC开,3D定位,天线正常","湖南省常德市武陵区G207(常澧路),距常德市汇文中学 约80米,距常德女子外语学校-北门 约264米",111.65771,29.054798,0.0,119.0
796,796,796,,2017-05-28 17:04:06,0.0,119.0,"ACC开,3D定位,天线正常","湖南省常德市武陵区G207(常澧路),距常德市汇文中学 约80米,距常德女子外语学校-北门 约264米",111.65771,29.054798,0.0,119.0
797,797,797,,2017-05-28 17:05:26,0.0,119.0,"ACC开,3D定位,天线正常","湖南省常德市武陵区G207(常澧路),距常德市汇文中学 约80米,距常德女子外语学校-北门 约264米",111.65771,29.054798,0.0,119.0
798,798,798,,2017-05-28 17:06:15,0.0,119.0,"ACC开,3D定位,天线正常","湖南省常德市武陵区G207(常澧路),距常德市汇文中学 约80米,距常德女子外语学校-北门 约264米",111.65771,29.054798,0.0,119.0
799,799,799,,2017-05-28 17:07:02,0.0,119.0,"ACC开,3D定位,天线正常","湖南省常德市武陵区G207(常澧路),距常德市汇文中学 约80米,距常德女子外语学校-北门 约264米",111.65771,29.054798,0.0,119.0
800,800,800,,2017-05-28 17:07:51,0.0,119.0,"ACC开,3D定位,天线正常","湖南省常德市武陵区G207(常澧路),距常德市汇文中学 约80米,距常德女子外语学校-北门 约264米",111.65771,29.054798,0.0,119.0
801,801,801,,2017-05-28 17:08:39,0.0,119.0,"ACC开,3D定位,天线正常","湖南省常德市武陵区G207(常澧路),距常德市汇文中学 约80米,距常德女子外语学校-北门 约264米",111.65771,29.054798,0.0,119.0
802,802,802,,2017-05-28 17:09:59,0.0,119.0,"ACC开,3D定位,天线正常","湖南省常德市武陵区G207(常澧路),距常德市汇文中学 约80米,距常德女子外语学校-北门 约264米",111.65771,29.054798,0.0,119.0
803,803,803,,2017-05-28 17:10:47,0.0,119.0,"ACC开,3D定位,天线正常","湖南省常德市武陵区G207(常澧路),距常德市汇文中学 约80米,距常德女子外语学校-北门 约264米",111.65771,29.054798,0.0,119.0
804,804,804,,2017-05-28 17:11:35,0.0,119.0,"ACC开,3D定位,天线正常","湖南省常德市武陵区G207(常澧路),距常德市汇文中学 约80米,距常德女子外语学校-北门 约264米",111.65771,29.054798,0.0,119.0
805,805,805,,2017-05-28 17:12:23,0.0,119.0,"ACC开,3D定位,天线正常","湖南省常德市武陵区G207(常澧路),距常德市汇文中学 约80米,距常德女子外语学校-北门 约264米",111.65771,29.054798,0.0,119.0
806,806,806,,2017-05-28 17:13:11,0.0,119.0,"ACC开,3D定位,天线正常","湖南省常德市武陵区G207(常澧路),距常德市汇文中学 约80米,距常德女子外语学校-北门 约264米",111.65771,29.054798,0.0,119.0
807,807,807,,2017-05-28 17:15:51,0.0,119.0,"ACC开,3D定位,天线正常","湖南省常德市武陵区G207(常澧路),距常德市汇文中学 约80米,距常德女子外语学校-北门 约264米",111.65771,29.054798,0.0,119.0
808,808,808,,2017-05-28 17:16:39,0.0,119.0,"ACC开,3D定位,天线正常","湖南省常德市武陵区G207(常澧路),距常德市汇文中学 约80米,距常德女子外语学校-北门 约264米",111.65771,29.054798,0.0,119.0
809,809,809,,2017-05-28 17:17:27,0.0,119.0,"ACC开,3D定位,天线正常","湖南省常德市武陵区G207(常澧路),距常德市汇文中学 约80米,距常德女子外语学校-北门 约264米",111.65771,29.054798,0.0,119.0
810,810,810,,2017-05-28 17:18:15,0.0,119.0,"ACC开,3D定位,天线正常","湖南省常德市武陵区G207(常澧路),距常德市汇文中学 约80米,距常德女子外语学校-北门 约264米",111.65771,29.054798,0.0,119.0
811,811,811,,2017-05-28 17:19:04,0.0,119.0,"ACC开,3D定位,天线正常","湖南省常德市武陵区G207(常澧路),距常德市汇文中学 约80米,距常德女子外语学校-北门 约264米",111.65771,29.054798,0.0,119.0
812,812,812,,2017-05-28 17:21:43,0.0,119.0,"ACC开,3D定位,天线正常","湖南省常德市武陵区G207(常澧路),距常德市汇文中学 约80米,距常德女子外语学校-北门 约264米",111.65771,29.054798,0.0,119.0
813,813,813,,2017-05-28 17:22:31,0.0,119.0,"ACC开,3D定位,天线正常","湖南省常德市武陵区G207(常澧路),距常德市汇文中学 约80米,距常德女子外语学校-北门 约264米",111.65771,29.054798,0.0,119.0
814,814,814,,2017-05-28 17:23:19,0.0,119.0,"ACC开,3D定位,天线正常","湖南省常德市武陵区G207(常澧路),距常德市汇文中学 约80米,距常德女子外语学校-北门 约264米",111.65771,29.054798,0.0,119.0
815,815,815,,2017-05-28 17:24:08,0.0,119.0,"ACC开,3D定位,天线正常","湖南省常德市武陵区G207(常澧路),距常德市汇文中学 约80米,距常德女子外语学校-北门 约264米",111.65771,29.054798,0.0,119.0
816,816,816,,2017-05-28 17:24:55,0.0,119.0,"ACC开,3D定位,天线正常","湖南省常德市武陵区G207(常澧路),距常德市汇文中学 约80米,距常德女子外语学校-北门 约264米",111.65771,29.054798,0.0,119.0
817,817,817,,2017-05-28 17:27:36,0.0,119.0,"ACC开,3D定位,天线正常","湖南省常德市武陵区G207(常澧路),距常德市汇文中学 约80米,距常德女子外语学校-北门 约264米",111.65771,29.054798,0.0,119.0
818,818,818,,2017-05-28 17:28:24,0.0,119.0,"ACC开,3D定位,天线正常","湖南省常德市武陵区G207(常澧路),距常德市汇文中学 约80米,距常德女子外语学校-北门 约264米",111.65771,29.054798,0.0,119.0
819,819,819,,2017-05-28 17:29:12,0.0,119.0,"ACC开,3D定位,天线正常","湖南省常德市武陵区G207(常澧路),距常德市汇文中学 约80米,距常德女子外语学校-北门 约264米",111.65771,29.054798,0.0,119.0
820,820,820,,2017-05-28 17:30:00,0.0,119.0,"ACC开,3D定位,天线正常","湖南省常德市武陵区G207(常澧路),距常德市汇文中学 约80米,距常德女子外语学校-北门 约264米",111.65771,29.054798,0.0,119.0
821,821,821,,2017-05-28 17:30:48,0.0,119.0,"ACC开,3D定位,天线正常","湖南省常德市武陵区G207(常澧路),距常德市汇文中学 约80米,距常德女子外语学校-北门 约264米",111.65771,29.054798,0.0,119.0
822,822,822,,2017-05-28 17:34:16,0.0,119.0,"ACC开,3D定位,天线正常","湖南省常德市武陵区G207(常澧路),距常德市汇文中学 约80米,距常德女子外语学校-北门 约264米",111.65771,29.054798,0.0,119.0
823,823,823,,2017-05-28 17:35:04,0.0,119.0,"ACC开,3D定位,天线正常","湖南省常德市武陵区G207(常澧路),距常德市汇文中学 约80米,距常德女子外语学校-北门 约264米",111.65771,29.054798,0.0,119.0
824,824,824,,2017-05-28 17:35:52,0.0,119.0,"ACC开,3D定位,天线正常","湖南省常德市武陵区G207(常澧路),距常德市汇文中学 约80米,距常德女子外语学校-北门 约264米",111.65771,29.054798,0.0,119.0
825,825,825,,2017-05-28 17:36:40,0.0,119.0,"ACC开,3D定位,天线正常","湖南省常德市武陵区G207(常澧路),距常德市汇文中学 约80米,距常德女子外语学校-北门 约264米",111.65771,29.054798,0.0,119.0
826,826,826,,2017-05-28 17:37:29,0.0,119.0,"ACC开,3D定位,天线正常","湖南省常德市武陵区G207(常澧路),距常德市汇文中学 约80米,距常德女子外语学校-北门 约264米",111.65771,29.054798,0.0,119.0
827,827,827,,2017-05-28 17:39:36,0.0,119.0,"ACC开,3D定位,天线正常","湖南省常德市武陵区G207(常澧路),距常德市汇文中学 约80米,距常德女子外语学校-北门 约264米",111.65771,29.054798,0.0,119.0
828,828,828,,2017-05-28 17:40:24,0.0,119.0,"ACC开,3D定位,天线正常","湖南省常德市武陵区G207(常澧路),距常德市汇文中学 约80米,距常德女子外语学校-北门 约264米",111.65771,29.054798,0.0,119.0
829,829,829,,2017-05-28 17:41:12,0.0,119.0,"ACC开,3D定位,天线正常","湖南省常德市武陵区G207(常澧路),距常德市汇文中学 约80米,距常德女子外语学校-北门 约264米",111.65771,29.054798,0.0,119.0
830,830,830,,2017-05-28 17:42:00,0.0,119.0,"ACC开,3D定位,天线正常","湖南省常德市武陵区G207(常澧路),距常德市汇文中学 约80米,距常德女子外语学校-北门 约264米",111.65771,29.054798,0.0,119.0
831,831,831,,2017-05-28 17:42:48,0.0,119.0,"ACC开,3D定位,天线正常","湖南省常德市武陵区G207(常澧路),距常德市汇文中学 约80米,距常德女子外语学校-北门 约264米",111.65771,29.054798,0.0,119.0
832,832,832,,2017-05-28 17:45:28,0.0,119.0,"ACC开,3D定位,天线正常","湖南省常德市武陵区G207(常澧路),距常德市汇文中学 约80米,距常德女子外语学校-北门 约264米",111.65771,29.054798,0.0,119.0
833,833,833,,2017-05-28 17:46:17,0.0,119.0,"ACC开,3D定位,天线正常","湖南省常德市武陵区G207(常澧路),距常德市汇文中学 约80米,距常德女子外语学校-北门 约264米",111.65771,29.054798,0.0,119.0
834,834,834,,2017-05-28 17:47:05,0.0,119.0,"ACC开,3D定位,天线正常","湖南省常德市武陵区G207(常澧路),距常德市汇文中学 约80米,距常德女子外语学校-北门 约264米",111.65771,29.054798,0.0,119.0
835,835,835,,2017-05-28 17:47:53,0.0,119.0,"ACC开,3D定位,天线正常","湖南省常德市武陵区G207(常澧路),距常德市汇文中学 约80米,距常德女子外语学校-北门 约264米",111.65771,29.054798,0.0,119.0
836,836,836,,2017-05-28 17:48:41,0.0,119.0,"ACC开,3D定位,天线正常","湖南省常德市武陵区G207(常澧路),距常德市汇文中学 约80米,距常德女子外语学校-北门 约264米",111.65771,29.054798,0.0,119.0
837,837,837,,2017-05-28 17:51:06,0.0,119.0,"ACC开,3D定位,天线正常","湖南省常德市武陵区G207(常澧路),距常德市汇文中学 约80米,距常德女子外语学校-北门 约264米",111.65771,29.054798,0.0,119.0
838,838,838,,2017-05-28 17:51:53,0.0,119.0,"ACC开,3D定位,天线正常","湖南省常德市武陵区G207(常澧路),距常德市汇文中学 约80米,距常德女子外语学校-北门 约264米",111.65771,29.054798,0.0,119.0
839,839,839,,2017-05-28 17:52:41,0.0,119.0,"ACC开,3D定位,天线正常","湖南省常德市武陵区G207(常澧路),距常德市汇文中学 约80米,距常德女子外语学校-北门 约264米",111.65771,29.054798,0.0,119.0
840,840,840,,2017-05-28 17:53:29,0.0,119.0,"ACC开,3D定位,天线正常","湖南省常德市武陵区G207(常澧路),距常德市汇文中学 约80米,距常德女子外语学校-北门 约264米",111.65771,29.054798,0.0,119.0
841,841,841,,2017-05-28 17:54:18,0.0,119.0,"ACC开,3D定位,天线正常","湖南省常德市武陵区G207(常澧路),距常德市汇文中学 约80米,距常德女子外语学校-北门 约264米",111.65771,29.054798,0.0,119.0
842,842,842,,2017-05-28 17:56:57,0.0,119.0,"ACC开,3D定位,天线正常","湖南省常德市武陵区G207(常澧路),距常德市汇文中学 约80米,距常德女子外语学校-北门 约264米",111.65771,29.054798,0.0,119.0
843,843,843,,2017-05-28 17:57:45,0.0,119.0,"ACC开,3D定位,天线正常","湖南省常德市武陵区G207(常澧路),距常德市汇文中学 约80米,距常德女子外语学校-北门 约264米",111.65771,29.054798,0.0,119.0
844,844,844,,2017-05-28 17:58:33,0.0,119.0,"ACC开,3D定位,天线正常","湖南省常德市武陵区G207(常澧路),距常德市汇文中学 约80米,距常德女子外语学校-北门 约264米",111.65771,29.054798,0.0,119.0
845,845,845,,2017-05-28 17:59:21,0.0,119.0,"ACC开,3D定位,天线正常","湖南省常德市武陵区G207(常澧路),距常德市汇文中学 约80米,距常德女子外语学校-北门 约264米",111.65771,29.054798,0.0,119.0
846,846,846,,2017-05-28 18:00:09,0.0,119.0,"ACC开,3D定位,天线正常","湖南省常德市武陵区G207(常澧路),距常德市汇文中学 约80米,距常德女子外语学校-北门 约264米",111.65771,29.054798,0.0,119.0
847,847,847,,2017-05-28 18:02:50,0.0,119.0,"ACC开,3D定位,天线正常","湖南省常德市武陵区G207(常澧路),距常德市汇文中学 约80米,距常德女子外语学校-北门 约264米",111.65771,29.054798,0.0,119.0
848,848,848,,2017-05-28 18:03:38,0.0,119.0,"ACC开,3D定位,天线正常","湖南省常德市武陵区G207(常澧路),距常德市汇文中学 约80米,距常德女子外语学校-北门 约264米",111.65771,29.054798,0.0,119.0
849,849,849,,2017-05-28 18:04:26,0.0,119.0,"ACC开,3D定位,天线正常","湖南省常德市武陵区G207(常澧路),距常德市汇文中学 约80米,距常德女子外语学校-北门 约264米",111.65771,29.054798,0.0,119.0
850,850,850,,2017-05-28 18:05:14,0.0,119.0,"ACC开,3D定位,天线正常","湖南省常德市武陵区G207(常澧路),距常德市汇文中学 约80米,距常德女子外语学校-北门 约264米",111.65771,29.054798,0.0,119.0
851,851,851,,2017-05-28 18:06:02,0.0,119.0,"ACC开,3D定位,天线正常","湖南省常德市武陵区G207(常澧路),距常德市汇文中学 约80米,距常德女子外语学校-北门 约264米",111.65771,29.054798,0.0,119.0
852,852,852,,2017-05-28 18:08:10,0.0,119.0,"ACC开,3D定位,天线正常","湖南省常德市武陵区G207(常澧路),距常德市汇文中学 约80米,距常德女子外语学校-北门 约264米",111.65771,29.054798,0.0,119.0
853,853,853,,2017-05-28 18:08:58,0.0,119.0,"ACC开,3D定位,天线正常","湖南省常德市武陵区G207(常澧路),距常德市汇文中学 约80米,距常德女子外语学校-北门 约264米",111.65771,29.054798,0.0,119.0
854,854,854,,2017-05-28 18:09:46,0.0,119.0,"ACC开,3D定位,天线正常","湖南省常德市武陵区G207(常澧路),距常德市汇文中学 约80米,距常德女子外语学校-北门 约264米",111.65771,29.054798,0.0,119.0
855,855,855,,2017-05-28 18:10:34,0.0,119.0,"ACC开,3D定位,天线正常","湖南省常德市武陵区G207(常澧路),距常德市汇文中学 约80米,距常德女子外语学校-北门 约264米",111.65771,29.054798,0.0,119.0
856,856,856,,2017-05-28 18:11:22,0.0,119.0,"ACC开,3D定位,天线正常","湖南省常德市武陵区G207(常澧路),距常德市汇文中学 约80米,距常德女子外语学校-北门 约264米",111.65771,29.054798,0.0,119.0
857,857,857,,2017-05-28 18:12:42,0.0,119.0,"ACC开,3D定位,天线正常","湖南省常德市武陵区G207(常澧路),距常德市汇文中学 约80米,距常德女子外语学校-北门 约264米",111.65771,29.054798,0.0,119.0
858,858,858,,2017-05-28 18:13:30,0.0,119.0,"ACC开,3D定位,天线正常","湖南省常德市武陵区G207(常澧路),距常德市汇文中学 约80米,距常德女子外语学校-北门 约264米",111.65771,29.054798,0.0,119.0
859,859,859,,2017-05-28 18:14:18,0.0,119.0,"ACC开,3D定位,天线正常","湖南省常德市武陵区G207(常澧路),距常德市汇文中学 约80米,距常德女子外语学校-北门 约264米",111.65771,29.054798,0.0,119.0
860,860,860,,2017-05-28 18:15:06,0.0,119.0,"ACC开,3D定位,天线正常","湖南省常德市武陵区G207(常澧路),距常德市汇文中学 约80米,距常德女子外语学校-北门 约264米",111.65771,29.054798,0.0,119.0
861,861,861,,2017-05-28 18:15:54,0.0,119.0,"ACC开,3D定位,天线正常","湖南省常德市武陵区G207(常澧路),距常德市汇文中学 约80米,距常德女子外语学校-北门 约264米",111.65771,29.054798,0.0,119.0
862,862,862,,2017-05-28 18:18:35,0.0,119.0,"ACC开,3D定位,天线正常","湖南省常德市武陵区G207(常澧路),距常德市汇文中学 约80米,距常德女子外语学校-北门 约264米",111.65771,29.054798,0.0,119.0
863,863,863,,2017-05-28 18:19:23,0.0,119.0,"ACC开,3D定位,天线正常","湖南省常德市武陵区G207(常澧路),距常德市汇文中学 约80米,距常德女子外语学校-北门 约264米",111.65771,29.054798,0.0,119.0
864,864,864,,2017-05-28 18:20:11,0.0,119.0,"ACC开,3D定位,天线正常","湖南省常德市武陵区G207(常澧路),距常德市汇文中学 约80米,距常德女子外语学校-北门 约264米",111.65771,29.054798,0.0,119.0
865,865,865,,2017-05-28 18:20:59,0.0,119.0,"ACC开,3D定位,天线正常","湖南省常德市武陵区G207(常澧路),距常德市汇文中学 约80米,距常德女子外语学校-北门 约264米",111.65771,29.054798,0.0,119.0
866,866,866,,2017-05-28 18:21:47,0.0,119.0,"ACC开,3D定位,天线正常","湖南省常德市武陵区G207(常澧路),距常德市汇文中学 约80米,距常德女子外语学校-北门 约264米",111.65771,29.054798,0.0,119.0
867,867,867,,2017-05-28 18:23:23,0.0,119.0,"ACC开,3D定位,天线正常","湖南省常德市武陵区G207(常澧路),距常德市汇文中学 约80米,距常德女子外语学校-北门 约264米",111.65771,29.054798,0.0,119.0
868,868,868,,2017-05-28 18:24:11,0.0,119.0,"ACC开,3D定位,天线正常","湖南省常德市武陵区G207(常澧路),距常德市汇文中学 约80米,距常德女子外语学校-北门 约264米",111.65771,29.054798,0.0,119.0
869,869,869,,2017-05-28 18:24:59,0.0,119.0,"ACC开,3D定位,天线正常","湖南省常德市武陵区G207(常澧路),距常德市汇文中学 约80米,距常德女子外语学校-北门 约264米",111.65771,29.054798,0.0,119.0
870,870,870,,2017-05-28 18:25:47,0.0,119.0,"ACC开,3D定位,天线正常","湖南省常德市武陵区G207(常澧路),距常德市汇文中学 约80米,距常德女子外语学校-北门 约264米",111.65771,29.054798,0.0,119.0
871,871,871,,2017-05-28 18:26:35,0.0,119.0,"ACC开,3D定位,天线正常","湖南省常德市武陵区G207(常澧路),距常德市汇文中学 约80米,距常德女子外语学校-北门 约264米",111.65771,29.054798,0.0,119.0
872,872,872,,2017-05-28 18:28:11,0.0,119.0,"ACC开,3D定位,天线正常","湖南省常德市武陵区G207(常澧路),距常德市汇文中学 约80米,距常德女子外语学校-北门 约264米",111.65771,29.054798,0.0,119.0
873,873,873,,2017-05-28 18:29:00,0.0,119.0,"ACC开,3D定位,天线正常","湖南省常德市武陵区G207(常澧路),距常德市汇文中学 约80米,距常德女子外语学校-北门 约264米",111.65771,29.054798,0.0,119.0
874,874,874,,2017-05-28 18:29:48,0.0,119.0,"ACC开,3D定位,天线正常","湖南省常德市武陵区G207(常澧路),距常德市汇文中学 约80米,距常德女子外语学校-北门 约264米",111.65771,29.054798,0.0,119.0
875,875,875,,2017-05-28 18:30:35,0.0,119.0,"ACC开,3D定位,天线正常","湖南省常德市武陵区G207(常澧路),距常德市汇文中学 约80米,距常德女子外语学校-北门 约264米",111.65771,29.054798,0.0,119.0
876,876,876,,2017-05-28 18:31:24,0.0,119.0,"ACC开,3D定位,天线正常","湖南省常德市武陵区G207(常澧路),距常德市汇文中学 约80米,距常德女子外语学校-北门 约264米",111.65771,29.054798,0.0,119.0
877,877,877,,2017-05-28 18:33:48,0.0,119.0,"ACC开,3D定位,天线正常","湖南省常德市武陵区G207(常澧路),距常德市汇文中学 约80米,距常德女子外语学校-北门 约264米",111.65771,29.054798,0.0,119.0
878,878,878,,2017-05-28 18:34:36,0.0,119.0,"ACC开,3D定位,天线正常","湖南省常德市武陵区G207(常澧路),距常德市汇文中学 约80米,距常德女子外语学校-北门 约264米",111.65771,29.054798,0.0,119.0
879,879,879,,2017-05-28 18:35:24,0.0,119.0,"ACC开,3D定位,天线正常","湖南省常德市武陵区G207(常澧路),距常德市汇文中学 约80米,距常德女子外语学校-北门 约264米",111.65771,29.054798,0.0,119.0
880,880,880,,2017-05-28 18:36:12,0.0,119.0,"ACC开,3D定位,天线正常","湖南省常德市武陵区G207(常澧路),距常德市汇文中学 约80米,距常德女子外语学校-北门 约264米",111.65771,29.054798,0.0,119.0
881,881,881,,2017-05-28 18:37:00,0.0,119.0,"ACC开,3D定位,天线正常","湖南省常德市武陵区G207(常澧路),距常德市汇文中学 约80米,距常德女子外语学校-北门 约264米",111.65771,29.054798,0.0,119.0
882,882,882,,2017-05-28 18:39:08,0.0,119.0,"ACC开,3D定位,天线正常","湖南省常德市武陵区G207(常澧路),距常德市汇文中学 约80米,距常德女子外语学校-北门 约264米",111.65771,29.054798,0.0,119.0
883,883,883,,2017-05-28 18:39:56,0.0,119.0,"ACC开,3D定位,天线正常","湖南省常德市武陵区G207(常澧路),距常德市汇文中学 约80米,距常德女子外语学校-北门 约264米",111.65771,29.054798,0.0,119.0
884,884,884,,2017-05-28 18:40:44,0.0,119.0,"ACC开,3D定位,天线正常","湖南省常德市武陵区G207(常澧路),距常德市汇文中学 约80米,距常德女子外语学校-北门 约264米",111.65771,29.054798,0.0,119.0
885,885,885,,2017-05-28 18:41:32,0.0,119.0,"ACC开,3D定位,天线正常","湖南省常德市武陵区G207(常澧路),距常德市汇文中学 约80米,距常德女子外语学校-北门 约264米",111.65771,29.054798,0.0,119.0
886,886,886,,2017-05-28 18:42:20,0.0,119.0,"ACC开,3D定位,天线正常","湖南省常德市武陵区G207(常澧路),距常德市汇文中学 约80米,距常德女子外语学校-北门 约264米",111.65771,29.054798,0.0,119.0
887,887,887,,2017-05-28 18:43:40,0.0,119.0,"ACC开,3D定位,天线正常","湖南省常德市武陵区G207(常澧路),距常德市汇文中学 约80米,距常德女子外语学校-北门 约264米",111.65771,29.054798,0.0,119.0
888,888,888,,2017-05-28 18:44:28,0.0,119.0,"ACC开,3D定位,天线正常","湖南省常德市武陵区G207(常澧路),距常德市汇文中学 约80米,距常德女子外语学校-北门 约264米",111.65771,29.054798,0.0,119.0
889,889,889,,2017-05-28 18:45:17,0.0,119.0,"ACC开,3D定位,天线正常","湖南省常德市武陵区G207(常澧路),距常德市汇文中学 约80米,距常德女子外语学校-北门 约264米",111.65771,29.054798,0.0,119.0
890,890,890,,2017-05-28 18:46:05,0.0,119.0,"ACC开,3D定位,天线正常","湖南省常德市武陵区G207(常澧路),距常德市汇文中学 约80米,距常德女子外语学校-北门 约264米",111.65771,29.054798,0.0,119.0
891,891,891,,2017-05-28 18:46:52,0.0,119.0,"ACC开,3D定位,天线正常","湖南省常德市武陵区G207(常澧路),距常德市汇文中学 约80米,距常德女子外语学校-北门 约264米",111.65771,29.054798,0.0,119.0
892,892,892,,2017-05-28 18:49:16,0.0,119.0,"ACC开,3D定位,天线正常","湖南省常德市武陵区G207(常澧路),距常德市汇文中学 约80米,距常德女子外语学校-北门 约264米",111.65771,29.054798,0.0,119.0
893,893,893,,2017-05-28 18:50:05,0.0,119.0,"ACC开,3D定位,天线正常","湖南省常德市武陵区G207(常澧路),距常德市汇文中学 约80米,距常德女子外语学校-北门 约264米",111.65771,29.054798,0.0,119.0
894,894,894,,2017-05-28 18:50:52,0.0,119.0,"ACC开,3D定位,天线正常","湖南省常德市武陵区G207(常澧路),距常德市汇文中学 约80米,距常德女子外语学校-北门 约264米",111.65771,29.054798,0.0,119.0
895,895,895,,2017-05-28 18:51:40,0.0,119.0,"ACC开,3D定位,天线正常","湖南省常德市武陵区G207(常澧路),距常德市汇文中学 约80米,距常德女子外语学校-北门 约264米",111.65771,29.054798,0.0,119.0
896,896,896,,2017-05-28 19:01:56,0.0,119.0,"ACC开,3D定位,天线正常","湖南省常德市武陵区G207(常澧路),距常德市汇文中学 约80米,距常德女子外语学校-北门 约264米",111.65771,29.054798,0.0,119.0
897,897,897,,2017-05-28 19:02:44,0.0,119.0,"ACC开,3D定位,天线正常","湖南省常德市武陵区G207(常澧路),距常德市汇文中学 约80米,距常德女子外语学校-北门 约264米",111.65771,29.054798,0.0,119.0
898,898,898,,2017-05-28 19:03:32,0.0,119.0,"ACC开,3D定位,天线正常","湖南省常德市武陵区G207(常澧路),距常德市汇文中学 约80米,距常德女子外语学校-北门 约264米",111.65771,29.054798,0.0,119.0
899,899,899,,2017-05-28 19:04:20,0.0,119.0,"ACC开,3D定位,天线正常","湖南省常德市武陵区G207(常澧路),距常德市汇文中学 约80米,距常德女子外语学校-北门 约264米",111.65771,29.054798,0.0,119.0
900,900,900,,2017-05-28 19:05:07,0.0,119.0,"ACC开,3D定位,天线正常","湖南省常德市武陵区G207(常澧路),距常德市汇文中学 约80米,距常德女子外语学校-北门 约264米",111.65771,29.054798,0.0,119.0
901,901,901,,2017-05-28 19:05:55,0.0,119.0,"ACC开,3D定位,天线正常","湖南省常德市武陵区G207(常澧路),距常德市汇文中学 约80米,距常德女子外语学校-北门 约264米",111.65771,29.054798,0.0,119.0
902,902,902,,2017-05-28 19:08:04,0.0,119.0,"ACC开,3D定位,天线正常","湖南省常德市武陵区G207(常澧路),距常德市汇文中学 约80米,距常德女子外语学校-北门 约264米",111.65771,29.054798,0.0,119.0
903,903,903,,2017-05-28 19:08:53,0.0,119.0,"ACC开,3D定位,天线正常","湖南省常德市武陵区G207(常澧路),距常德市汇文中学 约80米,距常德女子外语学校-北门 约264米",111.65771,29.054798,0.0,119.0
904,904,904,,2017-05-28 19:09:41,0.0,119.0,"ACC开,3D定位,天线正常","湖南省常德市武陵区G207(常澧路),距常德市汇文中学 约80米,距常德女子外语学校-北门 约264米",111.65771,29.054798,0.0,119.0
905,905,905,,2017-05-28 19:10:29,0.0,119.0,"ACC开,3D定位,天线正常","湖南省常德市武陵区G207(常澧路),距常德市汇文中学 约80米,距常德女子外语学校-北门 约264米",111.65771,29.054798,0.0,119.0
906,906,906,,2017-05-28 19:11:17,0.0,119.0,"ACC开,3D定位,天线正常","湖南省常德市武陵区G207(常澧路),距常德市汇文中学 约80米,距常德女子外语学校-北门 约264米",111.65771,29.054798,0.0,119.0
907,907,907,,2017-05-28 19:13:57,0.0,119.0,"ACC开,3D定位,天线正常","湖南省常德市武陵区G207(常澧路),距常德市汇文中学 约80米,距常德女子外语学校-北门 约264米",111.65771,29.054798,0.0,119.0
908,908,908,,2017-05-28 19:14:45,0.0,119.0,"ACC开,3D定位,天线正常","湖南省常德市武陵区G207(常澧路),距常德市汇文中学 约80米,距常德女子外语学校-北门 约264米",111.65771,29.054798,0.0,119.0
909,909,909,,2017-05-28 19:15:33,0.0,119.0,"ACC开,3D定位,天线正常","湖南省常德市武陵区G207(常澧路),距常德市汇文中学 约80米,距常德女子外语学校-北门 约264米",111.65771,29.054798,0.0,119.0
910,910,910,,2017-05-28 19:16:21,0.0,119.0,"ACC开,3D定位,天线正常","湖南省常德市武陵区G207(常澧路),距常德市汇文中学 约80米,距常德女子外语学校-北门 约264米",111.65771,29.054798,0.0,119.0
911,911,911,,2017-05-28 19:17:09,0.0,119.0,"ACC开,3D定位,天线正常","湖南省常德市武陵区G207(常澧路),距常德市汇文中学 约80米,距常德女子外语学校-北门 约264米",111.65771,29.054798,0.0,119.0
912,912,912,,2017-05-28 19:18:29,0.0,119.0,"ACC开,3D定位,天线正常","湖南省常德市武陵区G207(常澧路),距常德市汇文中学 约80米,距常德女子外语学校-北门 约264米",111.65771,29.054798,0.0,119.0
913,913,913,,2017-05-28 19:19:17,0.0,119.0,"ACC开,3D定位,天线正常","湖南省常德市武陵区G207(常澧路),距常德市汇文中学 约80米,距常德女子外语学校-北门 约264米",111.65771,29.054798,0.0,119.0
914,914,914,,2017-05-28 19:20:05,0.0,119.0,"ACC开,3D定位,天线正常","湖南省常德市武陵区G207(常澧路),距常德市汇文中学 约80米,距常德女子外语学校-北门 约264米",111.65771,29.054798,0.0,119.0
915,915,915,,2017-05-28 19:20:54,0.0,119.0,"ACC开,3D定位,天线正常","湖南省常德市武陵区G207(常澧路),距常德市汇文中学 约80米,距常德女子外语学校-北门 约264米",111.65771,29.054798,0.0,119.0
916,916,916,,2017-05-28 19:21:41,0.0,119.0,"ACC开,3D定位,天线正常","湖南省常德市武陵区G207(常澧路),距常德市汇文中学 约80米,距常德女子外语学校-北门 约264米",111.65771,29.054798,0.0,119.0
917,917,917,,2017-05-28 19:24:21,0.0,119.0,"ACC开,3D定位,天线正常","湖南省常德市武陵区G207(常澧路),距常德市汇文中学 约80米,距常德女子外语学校-北门 约264米",111.65771,29.054798,0.0,119.0
918,918,918,,2017-05-28 19:25:09,0.0,119.0,"ACC开,3D定位,天线正常","湖南省常德市武陵区G207(常澧路),距常德市汇文中学 约80米,距常德女子外语学校-北门 约264米",111.65771,29.054798,0.0,119.0
919,919,919,,2017-05-28 19:25:57,0.0,119.0,"ACC开,3D定位,天线正常","湖南省常德市武陵区G207(常澧路),距常德市汇文中学 约80米,距常德女子外语学校-北门 约264米",111.65771,29.054798,0.0,119.0
920,920,920,,2017-05-28 19:26:46,0.0,119.0,"ACC开,3D定位,天线正常","湖南省常德市武陵区G207(常澧路),距常德市汇文中学 约80米,距常德女子外语学校-北门 约264米",111.65771,29.054798,0.0,119.0
921,921,921,,2017-05-28 19:27:34,0.0,119.0,"ACC开,3D定位,天线正常","湖南省常德市武陵区G207(常澧路),距常德市汇文中学 约80米,距常德女子外语学校-北门 约264米",111.65771,29.054798,0.0,119.0
922,922,922,,2017-05-28 19:31:02,0.0,119.0,"ACC开,3D定位,天线正常","湖南省常德市武陵区G207(常澧路),距常德市汇文中学 约80米,距常德女子外语学校-北门 约264米",111.65771,29.054798,0.0,119.0
923,923,923,,2017-05-28 19:31:50,0.0,119.0,"ACC开,3D定位,天线正常","湖南省常德市武陵区G207(常澧路),距常德市汇文中学 约80米,距常德女子外语学校-北门 约264米",111.65771,29.054798,0.0,119.0
924,924,924,,2017-05-28 19:32:38,0.0,119.0,"ACC开,3D定位,天线正常","湖南省常德市武陵区G207(常澧路),距常德市汇文中学 约80米,距常德女子外语学校-北门 约264米",111.65771,29.054798,0.0,119.0
925,925,925,,2017-05-28 19:33:26,0.0,119.0,"ACC开,3D定位,天线正常","湖南省常德市武陵区G207(常澧路),距常德市汇文中学 约80米,距常德女子外语学校-北门 约264米",111.65771,29.054798,0.0,119.0
926,926,926,,2017-05-28 19:34:14,0.0,119.0,"ACC开,3D定位,天线正常","湖南省常德市武陵区G207(常澧路),距常德市汇文中学 约80米,距常德女子外语学校-北门 约264米",111.65771,29.054798,0.0,119.0
927,927,927,,2017-05-28 19:38:31,0.0,119.0,"ACC开,3D定位,天线正常","湖南省常德市武陵区G207(常澧路),距常德市汇文中学 约80米,距常德女子外语学校-北门 约264米",111.65771,29.054798,0.0,119.0
928,928,928,,2017-05-28 19:39:17,0.0,119.0,"ACC开,3D定位,天线正常","湖南省常德市武陵区G207(常澧路),距常德市汇文中学 约80米,距常德女子外语学校-北门 约264米",111.65771,29.054798,0.0,119.0
929,929,929,,2017-05-28 19:40:05,0.0,119.0,"ACC开,3D定位,天线正常","湖南省常德市武陵区G207(常澧路),距常德市汇文中学 约80米,距常德女子外语学校-北门 约264米",111.65771,29.054798,0.0,119.0
930,930,930,,2017-05-28 19:40:53,0.0,119.0,"ACC开,3D定位,天线正常","湖南省常德市武陵区G207(常澧路),距常德市汇文中学 约80米,距常德女子外语学校-北门 约264米",111.65771,29.054798,0.0,119.0
931,931,931,,2017-05-28 19:41:42,0.0,119.0,"ACC开,3D定位,天线正常","湖南省常德市武陵区G207(常澧路),距常德市汇文中学 约80米,距常德女子外语学校-北门 约264米",111.65771,29.054798,0.0,119.0
932,932,932,,2017-05-28 19:43:34,0.0,119.0,"ACC开,3D定位,天线正常","湖南省常德市武陵区G207(常澧路),距常德市汇文中学 约80米,距常德女子外语学校-北门 约264米",111.65771,29.054798,0.0,119.0
933,933,933,,2017-05-28 19:44:23,0.0,119.0,"ACC开,3D定位,天线正常","湖南省常德市武陵区G207(常澧路),距常德市汇文中学 约80米,距常德女子外语学校-北门 约264米",111.65771,29.054798,0.0,119.0
934,934,934,,2017-05-28 19:45:11,0.0,119.0,"ACC开,3D定位,天线正常","湖南省常德市武陵区G207(常澧路),距常德市汇文中学 约80米,距常德女子外语学校-北门 约264米",111.65771,29.054798,0.0,119.0
935,935,935,,2017-05-28 19:45:59,0.0,119.0,"ACC开,3D定位,天线正常","湖南省常德市武陵区G207(常澧路),距常德市汇文中学 约80米,距常德女子外语学校-北门 约264米",111.65771,29.054798,0.0,119.0
936,936,936,,2017-05-28 19:46:47,0.0,119.0,"ACC开,3D定位,天线正常","湖南省常德市武陵区G207(常澧路),距常德市汇文中学 约80米,距常德女子外语学校-北门 约264米",111.65771,29.054798,0.0,119.0
937,937,937,,2017-05-28 19:49:27,0.0,119.0,"ACC开,3D定位,天线正常","湖南省常德市武陵区G207(常澧路),距常德市汇文中学 约80米,距常德女子外语学校-北门 约264米",111.65771,29.054798,0.0,119.0
938,938,938,,2017-05-28 19:50:15,0.0,119.0,"ACC开,3D定位,天线正常","湖南省常德市武陵区G207(常澧路),距常德市汇文中学 约80米,距常德女子外语学校-北门 约264米",111.65771,29.054798,0.0,119.0
939,939,939,,2017-05-28 19:51:03,0.0,119.0,"ACC开,3D定位,天线正常","湖南省常德市武陵区G207(常澧路),距常德市汇文中学 约80米,距常德女子外语学校-北门 约264米",111.65771,29.054798,0.0,119.0
940,940,940,,2017-05-28 19:51:51,0.0,119.0,"ACC开,3D定位,天线正常","湖南省常德市武陵区G207(常澧路),距常德市汇文中学 约80米,距常德女子外语学校-北门 约264米",111.65771,29.054798,0.0,119.0
941,941,941,,2017-05-28 19:52:40,0.0,119.0,"ACC开,3D定位,天线正常","湖南省常德市武陵区G207(常澧路),距常德市汇文中学 约80米,距常德女子外语学校-北门 约264米",111.65771,29.054798,0.0,119.0
942,942,942,,2017-05-28 19:55:51,0.0,119.0,"ACC开,3D定位,天线正常","湖南省常德市武陵区G207(常澧路),距常德市汇文中学 约80米,距常德女子外语学校-北门 约264米",111.65771,29.054798,0.0,119.0
943,943,943,,2017-05-28 19:56:39,0.0,119.0,"ACC开,3D定位,天线正常","湖南省常德市武陵区G207(常澧路),距常德市汇文中学 约80米,距常德女子外语学校-北门 约264米",111.65771,29.054798,0.0,119.0
944,944,944,,2017-05-28 19:57:27,0.0,119.0,"ACC开,3D定位,天线正常","湖南省常德市武陵区G207(常澧路),距常德市汇文中学 约80米,距常德女子外语学校-北门 约264米",111.65771,29.054798,0.0,119.0
945,945,945,,2017-05-28 19:58:15,0.0,119.0,"ACC开,3D定位,天线正常","湖南省常德市武陵区G207(常澧路),距常德市汇文中学 约80米,距常德女子外语学校-北门 约264米",111.65771,29.054798,0.0,119.0
946,946,946,,2017-05-28 19:59:04,0.0,119.0,"ACC开,3D定位,天线正常","湖南省常德市武陵区G207(常澧路),距常德市汇文中学 约80米,距常德女子外语学校-北门 约264米",111.65771,29.054798,0.0,119.0
947,947,947,,2017-05-28 20:01:44,0.0,119.0,"ACC开,3D定位,天线正常","湖南省常德市武陵区G207(常澧路),距常德市汇文中学 约80米,距常德女子外语学校-北门 约264米",111.65771,29.054798,0.0,119.0
948,948,948,,2017-05-28 20:02:32,0.0,119.0,"ACC开,3D定位,天线正常","湖南省常德市武陵区G207(常澧路),距常德市汇文中学 约80米,距常德女子外语学校-北门 约264米",111.65771,29.054798,0.0,119.0
949,949,949,,2017-05-28 20:03:20,0.0,119.0,"ACC开,3D定位,天线正常","湖南省常德市武陵区G207(常澧路),距常德市汇文中学 约80米,距常德女子外语学校-北门 约264米",111.65771,29.054798,0.0,119.0
950,950,950,,2017-05-28 20:04:08,0.0,119.0,"ACC开,3D定位,天线正常","湖南省常德市武陵区G207(常澧路),距常德市汇文中学 约80米,距常德女子外语学校-北门 约264米",111.65771,29.054798,0.0,119.0
951,951,951,,2017-05-28 20:04:56,0.0,119.0,"ACC开,3D定位,天线正常","湖南省常德市武陵区G207(常澧路),距常德市汇文中学 约80米,距常德女子外语学校-北门 约264米",111.65771,29.054798,0.0,119.0
952,952,952,,2017-05-28 20:07:04,0.0,119.0,"ACC开,3D定位,天线正常","湖南省常德市武陵区G207(常澧路),距常德市汇文中学 约80米,距常德女子外语学校-北门 约264米",111.65771,29.054798,0.0,119.0
953,953,953,,2017-05-28 20:07:52,0.0,119.0,"ACC开,3D定位,天线正常","湖南省常德市武陵区G207(常澧路),距常德市汇文中学 约80米,距常德女子外语学校-北门 约264米",111.65771,29.054798,0.0,119.0
954,954,954,,2017-05-28 20:08:40,0.0,119.0,"ACC开,3D定位,天线正常","湖南省常德市武陵区G207(常澧路),距常德市汇文中学 约80米,距常德女子外语学校-北门 约264米",111.65771,29.054798,0.0,119.0
955,955,955,,2017-05-28 20:09:28,0.0,119.0,"ACC开,3D定位,天线正常","湖南省常德市武陵区G207(常澧路),距常德市汇文中学 约80米,距常德女子外语学校-北门 约264米",111.65771,29.054798,0.0,119.0
956,956,956,,2017-05-28 20:10:16,0.0,119.0,"ACC开,3D定位,天线正常","湖南省常德市武陵区G207(常澧路),距常德市汇文中学 约80米,距常德女子外语学校-北门 约264米",111.65771,29.054798,0.0,119.0
957,957,957,,2017-05-28 20:11:21,0.0,119.0,"ACC开,3D定位,天线正常","湖南省常德市武陵区G207(常澧路),距常德市汇文中学 约80米,距常德女子外语学校-北门 约264米",111.65771,29.054798,0.0,119.0
958,958,958,,2017-05-28 20:12:08,0.0,119.0,"ACC开,3D定位,天线正常","湖南省常德市武陵区G207(常澧路),距常德市汇文中学 约80米,距常德女子外语学校-北门 约264米",111.65771,29.054798,0.0,119.0
959,959,959,,2017-05-28 20:12:56,0.0,119.0,"ACC开,3D定位,天线正常","湖南省常德市武陵区G207(常澧路),距常德市汇文中学 约80米,距常德女子外语学校-北门 约264米",111.65771,29.054798,0.0,119.0
960,960,960,,2017-05-28 20:13:43,0.0,119.0,"ACC开,3D定位,天线正常","湖南省常德市武陵区G207(常澧路),距常德市汇文中学 约80米,距常德女子外语学校-北门 约264米",111.65771,29.054798,0.0,119.0
961,961,961,,2017-05-28 20:15:52,0.0,119.0,"ACC开,3D定位,天线正常","湖南省常德市武陵区G207(常澧路),距常德市汇文中学 约80米,距常德女子外语学校-北门 约264米",111.65771,29.054798,0.0,119.0
962,962,962,,2017-05-28 20:16:40,0.0,119.0,"ACC开,3D定位,天线正常","湖南省常德市武陵区G207(常澧路),距常德市汇文中学 约80米,距常德女子外语学校-北门 约264米",111.65771,29.054798,0.0,119.0
963,963,963,,2017-05-28 20:17:28,0.0,119.0,"ACC开,3D定位,天线正常","湖南省常德市武陵区G207(常澧路),距常德市汇文中学 约80米,距常德女子外语学校-北门 约264米",111.65771,29.054798,0.0,119.0
964,964,964,,2017-05-28 20:18:16,0.0,119.0,"ACC开,3D定位,天线正常","湖南省常德市武陵区G207(常澧路),距常德市汇文中学 约80米,距常德女子外语学校-北门 约264米",111.65771,29.054798,0.0,119.0
965,965,965,,2017-05-28 20:19:05,0.0,119.0,"ACC开,3D定位,天线正常","湖南省常德市武陵区G207(常澧路),距常德市汇文中学 约80米,距常德女子外语学校-北门 约264米",111.65771,29.054798,0.0,119.0
966,966,966,,2017-05-28 20:21:45,0.0,119.0,"ACC开,3D定位,天线正常","湖南省常德市武陵区G207(常澧路),距常德市汇文中学 约80米,距常德女子外语学校-北门 约264米",111.65771,29.054798,0.0,119.0
967,967,967,,2017-05-28 20:22:33,0.0,119.0,"ACC开,3D定位,天线正常","湖南省常德市武陵区G207(常澧路),距常德市汇文中学 约80米,距常德女子外语学校-北门 约264米",111.65771,29.054798,0.0,119.0
968,968,968,,2017-05-28 20:23:21,0.0,119.0,"ACC开,3D定位,天线正常","湖南省常德市武陵区G207(常澧路),距常德市汇文中学 约80米,距常德女子外语学校-北门 约264米",111.65771,29.054798,0.0,119.0
969,969,969,,2017-05-28 20:24:09,0.0,119.0,"ACC开,3D定位,天线正常","湖南省常德市武陵区G207(常澧路),距常德市汇文中学 约80米,距常德女子外语学校-北门 约264米",111.65771,29.054798,0.0,119.0
970,970,970,,2017-05-28 20:24:57,0.0,119.0,"ACC开,3D定位,天线正常","湖南省常德市武陵区G207(常澧路),距常德市汇文中学 约80米,距常德女子外语学校-北门 约264米",111.65771,29.054798,0.0,119.0
971,971,971,,2017-05-28 20:27:38,0.0,119.0,"ACC开,3D定位,天线正常","湖南省常德市武陵区G207(常澧路),距常德市汇文中学 约80米,距常德女子外语学校-北门 约264米",111.65771,29.054798,0.0,119.0
972,972,972,,2017-05-28 20:28:25,0.0,119.0,"ACC开,3D定位,天线正常","湖南省常德市武陵区G207(常澧路),距常德市汇文中学 约80米,距常德女子外语学校-北门 约264米",111.65771,29.054798,0.0,119.0
973,973,973,,2017-05-28 20:29:13,0.0,119.0,"ACC开,3D定位,天线正常","湖南省常德市武陵区G207(常澧路),距常德市汇文中学 约80米,距常德女子外语学校-北门 约264米",111.65771,29.054798,0.0,119.0
974,974,974,,2017-05-28 20:30:02,0.0,119.0,"ACC开,3D定位,天线正常","湖南省常德市武陵区G207(常澧路),距常德市汇文中学 约80米,距常德女子外语学校-北门 约264米",111.65771,29.054798,0.0,119.0
975,975,975,,2017-05-28 20:30:49,0.0,119.0,"ACC开,3D定位,天线正常","湖南省常德市武陵区G207(常澧路),距常德市汇文中学 约80米,距常德女子外语学校-北门 约264米",111.65771,29.054798,0.0,119.0
976,976,976,,2017-05-28 20:32:57,0.0,119.0,"ACC开,3D定位,天线正常","湖南省常德市武陵区G207(常澧路),距常德市汇文中学 约80米,距常德女子外语学校-北门 约264米",111.65771,29.054798,0.0,119.0
977,977,977,,2017-05-28 20:33:45,0.0,119.0,"ACC开,3D定位,天线正常","湖南省常德市武陵区G207(常澧路),距常德市汇文中学 约80米,距常德女子外语学校-北门 约264米",111.65771,29.054798,0.0,119.0
978,978,978,,2017-05-28 20:34:34,0.0,119.0,"ACC开,3D定位,天线正常","湖南省常德市武陵区G207(常澧路),距常德市汇文中学 约80米,距常德女子外语学校-北门 约264米",111.65771,29.054798,0.0,119.0
979,979,979,,2017-05-28 20:35:21,0.0,119.0,"ACC开,3D定位,天线正常","湖南省常德市武陵区G207(常澧路),距常德市汇文中学 约80米,距常德女子外语学校-北门 约264米",111.65771,29.054798,0.0,119.0
980,980,980,,2017-05-28 20:36:10,0.0,119.0,"ACC开,3D定位,天线正常","湖南省常德市武陵区G207(常澧路),距常德市汇文中学 约80米,距常德女子外语学校-北门 约264米",111.65771,29.054798,0.0,119.0
981,981,981,,2017-05-28 20:40:26,0.0,119.0,"ACC开,3D定位,天线正常","湖南省常德市武陵区G207(常澧路),距常德市汇文中学 约80米,距常德女子外语学校-北门 约264米",111.65771,29.054798,0.0,119.0
982,982,982,,2017-05-28 20:41:14,0.0,119.0,"ACC开,3D定位,天线正常","湖南省常德市武陵区G207(常澧路),距常德市汇文中学 约80米,距常德女子外语学校-北门 约264米",111.65771,29.054798,0.0,119.0
983,983,983,,2017-05-28 20:42:02,0.0,119.0,"ACC开,3D定位,天线正常","湖南省常德市武陵区G207(常澧路),距常德市汇文中学 约80米,距常德女子外语学校-北门 约264米",111.65771,29.054798,0.0,119.0
984,984,984,,2017-05-28 20:42:50,0.0,119.0,"ACC开,3D定位,天线正常","湖南省常德市武陵区G207(常澧路),距常德市汇文中学 约80米,距常德女子外语学校-北门 约264米",111.65771,29.054798,0.0,119.0
985,985,985,,2017-05-28 20:43:38,0.0,119.0,"ACC开,3D定位,天线正常","湖南省常德市武陵区G207(常澧路),距常德市汇文中学 约80米,距常德女子外语学校-北门 约264米",111.65771,29.054798,0.0,119.0
986,986,986,,2017-05-28 20:46:35,0.0,119.0,"ACC开,3D定位,天线正常","湖南省常德市武陵区G207(常澧路),距常德市汇文中学 约80米,距常德女子外语学校-北门 约264米",111.65771,29.054798,0.0,119.0
987,987,987,,2017-05-28 20:47:22,0.0,119.0,"ACC开,3D定位,天线正常","湖南省常德市武陵区G207(常澧路),距常德市汇文中学 约80米,距常德女子外语学校-北门 约264米",111.65771,29.054798,0.0,119.0
988,988,988,,2017-05-28 20:48:10,0.0,119.0,"ACC开,3D定位,天线正常","湖南省常德市武陵区G207(常澧路),距常德市汇文中学 约80米,距常德女子外语学校-北门 约264米",111.65771,29.054798,0.0,119.0
989,989,989,,2017-05-28 20:48:58,0.0,119.0,"ACC开,3D定位,天线正常","湖南省常德市武陵区G207(常澧路),距常德市汇文中学 约80米,距常德女子外语学校-北门 约264米",111.65771,29.054798,0.0,119.0
990,990,990,,2017-05-28 20:49:47,0.0,119.0,"ACC开,3D定位,天线正常","湖南省常德市武陵区G207(常澧路),距常德市汇文中学 约80米,距常德女子外语学校-北门 约264米",111.65771,29.054798,0.0,119.0
991,991,991,,2017-05-28 20:52:27,0.0,119.0,"ACC开,3D定位,天线正常","湖南省常德市武陵区G207(常澧路),距常德市汇文中学 约80米,距常德女子外语学校-北门 约264米",111.65771,29.054798,0.0,119.0
992,992,992,,2017-05-28 20:53:15,0.0,119.0,"ACC开,3D定位,天线正常","湖南省常德市武陵区G207(常澧路),距常德市汇文中学 约80米,距常德女子外语学校-北门 约264米",111.65771,29.054798,0.0,119.0
993,993,993,,2017-05-28 20:54:03,0.0,119.0,"ACC开,3D定位,天线正常","湖南省常德市武陵区G207(常澧路),距常德市汇文中学 约80米,距常德女子外语学校-北门 约264米",111.65771,29.054798,0.0,119.0
994,994,994,,2017-05-28 20:54:51,0.0,119.0,"ACC开,3D定位,天线正常","湖南省常德市武陵区G207(常澧路),距常德市汇文中学 约80米,距常德女子外语学校-北门 约264米",111.65771,29.054798,0.0,119.0
995,995,995,,2017-05-28 20:55:39,0.0,119.0,"ACC开,3D定位,天线正常","湖南省常德市武陵区G207(常澧路),距常德市汇文中学 约80米,距常德女子外语学校-北门 约264米",111.65771,29.054798,0.0,119.0
996,996,996,,2017-05-28 20:58:19,0.0,119.0,"ACC开,3D定位,天线正常","湖南省常德市武陵区G207(常澧路),距常德市汇文中学 约80米,距常德女子外语学校-北门 约264米",111.65771,29.054798,0.0,119.0
997,997,997,,2017-05-28 20:59:07,0.0,119.0,"ACC开,3D定位,天线正常","湖南省常德市武陵区G207(常澧路),距常德市汇文中学 约80米,距常德女子外语学校-北门 约264米",111.65771,29.054798,0.0,119.0
998,998,998,,2017-05-28 20:59:55,0.0,119.0,"ACC开,3D定位,天线正常","湖南省常德市武陵区G207(常澧路),距常德市汇文中学 约80米,距常德女子外语学校-北门 约264米",111.65771,29.054798,0.0,119.0
999,999,999,,2017-05-28 21:00:43,0.0,119.0,"ACC开,3D定位,天线正常","湖南省常德市武陵区G207(常澧路),距常德市汇文中学 约80米,距常德女子外语学校-北门 约264米",111.65771,29.054798,0.0,119.0
1000,1000,1000,,2017-05-28 21:01:31,0.0,119.0,"ACC开,3D定位,天线正常","湖南省常德市武陵区G207(常澧路),距常德市汇文中学 约80米,距常德女子外语学校-北门 约264米",111.65771,29.054798,0.0,119.0
1001,1001,1001,,2017-05-28 21:03:39,0.0,119.0,"ACC开,3D定位,天线正常","湖南省常德市武陵区G207(常澧路),距常德市汇文中学 约80米,距常德女子外语学校-北门 约264米",111.65771,29.054798,0.0,119.0
1002,1002,1002,,2017-05-28 21:04:27,0.0,119.0,"ACC开,3D定位,天线正常","湖南省常德市武陵区G207(常澧路),距常德市汇文中学 约80米,距常德女子外语学校-北门 约264米",111.65771,29.054798,0.0,119.0
1003,1003,1003,,2017-05-28 21:05:15,0.0,119.0,"ACC开,3D定位,天线正常","湖南省常德市武陵区G207(常澧路),距常德市汇文中学 约80米,距常德女子外语学校-北门 约264米",111.65771,29.054798,0.0,119.0
1004,1004,1004,,2017-05-28 21:06:02,0.0,119.0,"ACC开,3D定位,天线正常","湖南省常德市武陵区G207(常澧路),距常德市汇文中学 约80米,距常德女子外语学校-北门 约264米",111.65771,29.054798,0.0,119.0
1005,1005,1005,,2017-05-28 21:06:50,0.0,119.0,"ACC开,3D定位,天线正常","湖南省常德市武陵区G207(常澧路),距常德市汇文中学 约80米,距常德女子外语学校-北门 约264米",111.65771,29.054798,0.0,119.0
1006,1006,1006,,2017-05-28 21:09:48,0.0,119.0,"ACC开,3D定位,天线正常","湖南省常德市武陵区G207(常澧路),距常德市汇文中学 约80米,距常德女子外语学校-北门 约264米",111.65771,29.054798,0.0,119.0
1007,1007,1007,,2017-05-28 21:10:36,0.0,119.0,"ACC开,3D定位,天线正常","湖南省常德市武陵区G207(常澧路),距常德市汇文中学 约80米,距常德女子外语学校-北门 约264米",111.65771,29.054798,0.0,119.0
1008,1008,1008,,2017-05-28 21:11:24,0.0,119.0,"ACC开,3D定位,天线正常","湖南省常德市武陵区G207(常澧路),距常德市汇文中学 约80米,距常德女子外语学校-北门 约264米",111.65771,29.054798,0.0,119.0
1009,1009,1009,,2017-05-28 21:12:12,0.0,119.0,"ACC开,3D定位,天线正常","湖南省常德市武陵区G207(常澧路),距常德市汇文中学 约80米,距常德女子外语学校-北门 约264米",111.65771,29.054798,0.0,119.0
1010,1010,1010,,2017-05-28 21:12:59,0.0,119.0,"ACC开,3D定位,天线正常","湖南省常德市武陵区G207(常澧路),距常德市汇文中学 约80米,距常德女子外语学校-北门 约264米",111.65771,29.054798,0.0,119.0
1011,1011,1011,,2017-05-28 21:15:40,0.0,119.0,"ACC开,3D定位,天线正常","湖南省常德市武陵区G207(常澧路),距常德市汇文中学 约80米,距常德女子外语学校-北门 约264米",111.65771,29.054798,0.0,119.0
1012,1012,1012,,2017-05-28 21:16:28,0.0,119.0,"ACC开,3D定位,天线正常","湖南省常德市武陵区G207(常澧路),距常德市汇文中学 约80米,距常德女子外语学校-北门 约264米",111.65771,29.054798,0.0,119.0
1013,1013,1013,,2017-05-28 21:17:16,0.0,119.0,"ACC开,3D定位,天线正常","湖南省常德市武陵区G207(常澧路),距常德市汇文中学 约80米,距常德女子外语学校-北门 约264米",111.65771,29.054798,0.0,119.0
1014,1014,1014,,2017-05-28 21:18:04,0.0,119.0,"ACC开,3D定位,天线正常","湖南省常德市武陵区G207(常澧路),距常德市汇文中学 约80米,距常德女子外语学校-北门 约264米",111.65771,29.054798,0.0,119.0
1015,1015,1015,,2017-05-28 21:18:52,0.0,119.0,"ACC开,3D定位,天线正常","湖南省常德市武陵区G207(常澧路),距常德市汇文中学 约80米,距常德女子外语学校-北门 约264米",111.65771,29.054798,0.0,119.0
1016,1016,1016,,2017-05-28 21:21:33,0.0,119.0,"ACC开,3D定位,天线正常","湖南省常德市武陵区G207(常澧路),距常德市汇文中学 约80米,距常德女子外语学校-北门 约264米",111.65771,29.054798,0.0,119.0
1017,1017,1017,,2017-05-28 21:22:20,0.0,119.0,"ACC开,3D定位,天线正常","湖南省常德市武陵区G207(常澧路),距常德市汇文中学 约80米,距常德女子外语学校-北门 约264米",111.65771,29.054798,0.0,119.0
1018,1018,1018,,2017-05-28 21:23:08,0.0,119.0,"ACC开,3D定位,天线正常","湖南省常德市武陵区G207(常澧路),距常德市汇文中学 约80米,距常德女子外语学校-北门 约264米",111.65771,29.054798,0.0,119.0
1019,1019,1019,,2017-05-28 21:23:57,0.0,119.0,"ACC开,3D定位,天线正常","湖南省常德市武陵区G207(常澧路),距常德市汇文中学 约80米,距常德女子外语学校-北门 约264米",111.65771,29.054798,0.0,119.0
1020,1020,1020,,2017-05-28 21:24:44,0.0,119.0,"ACC开,3D定位,天线正常","湖南省常德市武陵区G207(常澧路),距常德市汇文中学 约80米,距常德女子外语学校-北门 约264米",111.65771,29.054798,0.0,119.0
1021,1021,1021,,2017-05-28 21:27:57,0.0,119.0,"ACC开,3D定位,天线正常","湖南省常德市武陵区G207(常澧路),距常德市汇文中学 约80米,距常德女子外语学校-北门 约264米",111.65771,29.054798,0.0,119.0
1022,1022,1022,,2017-05-28 21:28:45,0.0,119.0,"ACC开,3D定位,天线正常","湖南省常德市武陵区G207(常澧路),距常德市汇文中学 约80米,距常德女子外语学校-北门 约264米",111.65771,29.054798,0.0,119.0
1023,1023,1023,,2017-05-28 21:29:33,0.0,119.0,"ACC开,3D定位,天线正常","湖南省常德市武陵区G207(常澧路),距常德市汇文中学 约80米,距常德女子外语学校-北门 约264米",111.65771,29.054798,0.0,119.0
1024,1024,1024,,2017-05-28 21:30:21,0.0,119.0,"ACC开,3D定位,天线正常","湖南省常德市武陵区G207(常澧路),距常德市汇文中学 约80米,距常德女子外语学校-北门 约264米",111.65771,29.054798,0.0,119.0
1025,1025,1025,,2017-05-28 21:31:41,0.0,119.0,"ACC开,3D定位,天线正常","湖南省常德市武陵区G207(常澧路),距常德市汇文中学 约80米,距常德女子外语学校-北门 约264米",111.65771,29.054798,0.0,119.0
1026,1026,1026,,2017-05-28 21:32:29,0.0,119.0,"ACC开,3D定位,天线正常","湖南省常德市武陵区G207(常澧路),距常德市汇文中学 约80米,距常德女子外语学校-北门 约264米",111.65771,29.054798,0.0,119.0
1027,1027,1027,,2017-05-28 21:33:17,0.0,119.0,"ACC开,3D定位,天线正常","湖南省常德市武陵区G207(常澧路),距常德市汇文中学 约80米,距常德女子外语学校-北门 约264米",111.65771,29.054798,0.0,119.0
1028,1028,1028,,2017-05-28 21:34:05,0.0,119.0,"ACC开,3D定位,天线正常","湖南省常德市武陵区G207(常澧路),距常德市汇文中学 约80米,距常德女子外语学校-北门 约264米",111.65771,29.054798,0.0,119.0
1029,1029,1029,,2017-05-28 21:34:53,0.0,119.0,"ACC开,3D定位,天线正常","湖南省常德市武陵区G207(常澧路),距常德市汇文中学 约80米,距常德女子外语学校-北门 约264米",111.65771,29.054798,0.0,119.0
1030,1030,1030,,2017-05-28 21:37:02,0.0,119.0,"ACC开,3D定位,天线正常","湖南省常德市武陵区G207(常澧路),距常德市汇文中学 约80米,距常德女子外语学校-北门 约264米",111.65771,29.054798,0.0,119.0
1031,1031,1031,,2017-05-28 21:37:49,0.0,119.0,"ACC开,3D定位,天线正常","湖南省常德市武陵区G207(常澧路),距常德市汇文中学 约80米,距常德女子外语学校-北门 约264米",111.65771,29.054798,0.0,119.0
1032,1032,1032,,2017-05-28 21:38:38,0.0,119.0,"ACC开,3D定位,天线正常","湖南省常德市武陵区G207(常澧路),距常德市汇文中学 约80米,距常德女子外语学校-北门 约264米",111.65771,29.054798,0.0,119.0
1033,1033,1033,,2017-05-28 21:39:26,0.0,119.0,"ACC开,3D定位,天线正常","湖南省常德市武陵区G207(常澧路),距常德市汇文中学 约80米,距常德女子外语学校-北门 约264米",111.65771,29.054798,0.0,119.0
1034,1034,1034,,2017-05-28 21:40:14,0.0,119.0,"ACC开,3D定位,天线正常","湖南省常德市武陵区G207(常澧路),距常德市汇文中学 约80米,距常德女子外语学校-北门 约264米",111.65771,29.054798,0.0,119.0
1035,1035,1035,,2017-05-28 21:41:49,0.0,119.0,"ACC开,3D定位,天线正常","湖南省常德市武陵区G207(常澧路),距常德市汇文中学 约80米,距常德女子外语学校-北门 约264米",111.65771,29.054798,0.0,119.0
1036,1036,1036,,2017-05-28 21:42:37,0.0,119.0,"ACC开,3D定位,天线正常","湖南省常德市武陵区G207(常澧路),距常德市汇文中学 约80米,距常德女子外语学校-北门 约264米",111.65771,29.054798,0.0,119.0
1037,1037,1037,,2017-05-28 21:43:25,0.0,119.0,"ACC开,3D定位,天线正常","湖南省常德市武陵区G207(常澧路),距常德市汇文中学 约80米,距常德女子外语学校-北门 约264米",111.65771,29.054798,0.0,119.0
1038,1038,1038,,2017-05-28 21:44:14,0.0,119.0,"ACC开,3D定位,天线正常","湖南省常德市武陵区G207(常澧路),距常德市汇文中学 约80米,距常德女子外语学校-北门 约264米",111.65771,29.054798,0.0,119.0
1039,1039,1039,,2017-05-28 21:45:02,0.0,119.0,"ACC开,3D定位,天线正常","湖南省常德市武陵区G207(常澧路),距常德市汇文中学 约80米,距常德女子外语学校-北门 约264米",111.65771,29.054798,0.0,119.0
1040,1040,1040,,2017-05-28 21:47:10,0.0,119.0,"ACC开,3D定位,天线正常","湖南省常德市武陵区G207(常澧路),距常德市汇文中学 约80米,距常德女子外语学校-北门 约264米",111.65771,29.054798,0.0,119.0
1041,1041,1041,,2017-05-28 21:47:58,0.0,119.0,"ACC开,3D定位,天线正常","湖南省常德市武陵区G207(常澧路),距常德市汇文中学 约80米,距常德女子外语学校-北门 约264米",111.65771,29.054798,0.0,119.0
1042,1042,1042,,2017-05-28 21:48:46,0.0,119.0,"ACC开,3D定位,天线正常","湖南省常德市武陵区G207(常澧路),距常德市汇文中学 约80米,距常德女子外语学校-北门 约264米",111.65771,29.054798,0.0,119.0
1043,1043,1043,,2017-05-28 21:49:34,0.0,119.0,"ACC开,3D定位,天线正常","湖南省常德市武陵区G207(常澧路),距常德市汇文中学 约80米,距常德女子外语学校-北门 约264米",111.65771,29.054798,0.0,119.0
1044,1044,1044,,2017-05-28 21:50:22,0.0,119.0,"ACC开,3D定位,天线正常","湖南省常德市武陵区G207(常澧路),距常德市汇文中学 约80米,距常德女子外语学校-北门 约264米",111.65771,29.054798,0.0,119.0
1045,1045,1045,,2017-05-28 21:53:02,0.0,119.0,"ACC开,3D定位,天线正常","湖南省常德市武陵区G207(常澧路),距常德市汇文中学 约80米,距常德女子外语学校-北门 约264米",111.65771,29.054798,0.0,119.0
1046,1046,1046,,2017-05-28 21:53:50,0.0,119.0,"ACC开,3D定位,天线正常","湖南省常德市武陵区G207(常澧路),距常德市汇文中学 约80米,距常德女子外语学校-北门 约264米",111.65771,29.054798,0.0,119.0
1047,1047,1047,,2017-05-28 21:54:39,0.0,119.0,"ACC开,3D定位,天线正常","湖南省常德市武陵区G207(常澧路),距常德市汇文中学 约80米,距常德女子外语学校-北门 约264米",111.65771,29.054798,0.0,119.0
1048,1048,1048,,2017-05-28 21:55:26,0.0,119.0,"ACC开,3D定位,天线正常","湖南省常德市武陵区G207(常澧路),距常德市汇文中学 约80米,距常德女子外语学校-北门 约264米",111.65771,29.054798,0.0,119.0
1049,1049,1049,,2017-05-28 21:56:15,0.0,119.0,"ACC开,3D定位,天线正常","湖南省常德市武陵区G207(常澧路),距常德市汇文中学 约80米,距常德女子外语学校-北门 约264米",111.65771,29.054798,0.0,119.0
1050,1050,1050,,2017-05-28 21:59:10,0.0,119.0,"ACC开,3D定位,天线正常","湖南省常德市武陵区G207(常澧路),距常德市汇文中学 约80米,距常德女子外语学校-北门 约264米",111.65771,29.054798,0.0,119.0
1051,1051,1051,,2017-05-28 21:59:58,0.0,119.0,"ACC开,3D定位,天线正常","湖南省常德市武陵区G207(常澧路),距常德市汇文中学 约80米,距常德女子外语学校-北门 约264米",111.65771,29.054798,0.0,119.0
1052,1052,1052,,2017-05-28 22:00:47,0.0,119.0,"ACC开,3D定位,天线正常","湖南省常德市武陵区G207(常澧路),距常德市汇文中学 约80米,距常德女子外语学校-北门 约264米",111.65771,29.054798,0.0,119.0
1053,1053,1053,,2017-05-28 22:01:34,0.0,119.0,"ACC开,3D定位,天线正常","湖南省常德市武陵区G207(常澧路),距常德市汇文中学 约80米,距常德女子外语学校-北门 约264米",111.65771,29.054798,0.0,119.0
1054,1054,1054,,2017-05-28 22:02:23,0.0,119.0,"ACC开,3D定位,天线正常","湖南省常德市武陵区G207(常澧路),距常德市汇文中学 约80米,距常德女子外语学校-北门 约264米",111.65771,29.054798,0.0,119.0
1055,1055,1055,,2017-05-28 22:04:47,0.0,119.0,"ACC开,3D定位,天线正常","湖南省常德市武陵区G207(常澧路),距常德市汇文中学 约80米,距常德女子外语学校-北门 约264米",111.65771,29.054798,0.0,119.0
1056,1056,1056,,2017-05-28 22:05:35,0.0,119.0,"ACC开,3D定位,天线正常","湖南省常德市武陵区G207(常澧路),距常德市汇文中学 约80米,距常德女子外语学校-北门 约264米",111.65771,29.054798,0.0,119.0
1057,1057,1057,,2017-05-28 22:06:23,0.0,119.0,"ACC开,3D定位,天线正常","湖南省常德市武陵区G207(常澧路),距常德市汇文中学 约80米,距常德女子外语学校-北门 约264米",111.65771,29.054798,0.0,119.0
1058,1058,1058,,2017-05-28 22:07:11,0.0,119.0,"ACC开,3D定位,天线正常","湖南省常德市武陵区G207(常澧路),距常德市汇文中学 约80米,距常德女子外语学校-北门 约264米",111.65771,29.054798,0.0,119.0
1059,1059,1059,,2017-05-28 22:07:59,0.0,119.0,"ACC开,3D定位,天线正常","湖南省常德市武陵区G207(常澧路),距常德市汇文中学 约80米,距常德女子外语学校-北门 约264米",111.65771,29.054798,0.0,119.0
1060,1060,1060,,2017-05-28 22:09:35,0.0,119.0,"ACC开,3D定位,天线正常","湖南省常德市武陵区G207(常澧路),距常德市汇文中学 约80米,距常德女子外语学校-北门 约264米",111.65771,29.054798,0.0,119.0
1061,1061,1061,,2017-05-28 22:10:23,0.0,119.0,"ACC开,3D定位,天线正常","湖南省常德市武陵区G207(常澧路),距常德市汇文中学 约80米,距常德女子外语学校-北门 约264米",111.65771,29.054798,0.0,119.0
1062,1062,1062,,2017-05-28 22:11:11,0.0,119.0,"ACC开,3D定位,天线正常","湖南省常德市武陵区G207(常澧路),距常德市汇文中学 约80米,距常德女子外语学校-北门 约264米",111.65771,29.054798,0.0,119.0
1063,1063,1063,,2017-05-28 22:11:59,0.0,119.0,"ACC开,3D定位,天线正常","湖南省常德市武陵区G207(常澧路),距常德市汇文中学 约80米,距常德女子外语学校-北门 约264米",111.65771,29.054798,0.0,119.0
1064,1064,1064,,2017-05-28 22:12:47,0.0,119.0,"ACC开,3D定位,天线正常","湖南省常德市武陵区G207(常澧路),距常德市汇文中学 约80米,距常德女子外语学校-北门 约264米",111.65771,29.054798,0.0,119.0
1065,1065,1065,,2017-05-28 22:15:43,0.0,119.0,"ACC开,3D定位,天线正常","湖南省常德市武陵区G207(常澧路),距常德市汇文中学 约80米,距常德女子外语学校-北门 约264米",111.65771,29.054798,0.0,119.0
1066,1066,1066,,2017-05-28 22:16:30,0.0,119.0,"ACC开,3D定位,天线正常","湖南省常德市武陵区G207(常澧路),距常德市汇文中学 约80米,距常德女子外语学校-北门 约264米",111.65771,29.054798,0.0,119.0
1067,1067,1067,,2017-05-28 22:17:18,0.0,119.0,"ACC开,3D定位,天线正常","湖南省常德市武陵区G207(常澧路),距常德市汇文中学 约80米,距常德女子外语学校-北门 约264米",111.65771,29.054798,0.0,119.0
1068,1068,1068,,2017-05-28 22:18:07,0.0,119.0,"ACC开,3D定位,天线正常","湖南省常德市武陵区G207(常澧路),距常德市汇文中学 约80米,距常德女子外语学校-北门 约264米",111.65771,29.054798,0.0,119.0
1069,1069,1069,,2017-05-28 22:19:59,0.0,119.0,"ACC开,3D定位,天线正常","湖南省常德市武陵区G207(常澧路),距常德市汇文中学 约80米,距常德女子外语学校-北门 约264米",111.65771,29.054798,0.0,119.0
1070,1070,1070,,2017-05-28 22:20:48,0.0,119.0,"ACC开,3D定位,天线正常","湖南省常德市武陵区G207(常澧路),距常德市汇文中学 约80米,距常德女子外语学校-北门 约264米",111.65771,29.054798,0.0,119.0
1071,1071,1071,,2017-05-28 22:21:36,0.0,119.0,"ACC开,3D定位,天线正常","湖南省常德市武陵区G207(常澧路),距常德市汇文中学 约80米,距常德女子外语学校-北门 约264米",111.65771,29.054798,0.0,119.0
1072,1072,1072,,2017-05-28 22:22:24,0.0,119.0,"ACC开,3D定位,天线正常","湖南省常德市武陵区G207(常澧路),距常德市汇文中学 约80米,距常德女子外语学校-北门 约264米",111.65771,29.054798,0.0,119.0
1073,1073,1073,,2017-05-28 22:23:12,0.0,119.0,"ACC开,3D定位,天线正常","湖南省常德市武陵区G207(常澧路),距常德市汇文中学 约80米,距常德女子外语学校-北门 约264米",111.65771,29.054798,0.0,119.0
1074,1074,1074,,2017-05-28 22:26:24,0.0,119.0,"ACC开,3D定位,天线正常","湖南省常德市武陵区G207(常澧路),距常德市汇文中学 约80米,距常德女子外语学校-北门 约264米",111.65771,29.054798,0.0,119.0
1075,1075,1075,,2017-05-28 22:27:12,0.0,119.0,"ACC开,3D定位,天线正常","湖南省常德市武陵区G207(常澧路),距常德市汇文中学 约80米,距常德女子外语学校-北门 约264米",111.65771,29.054798,0.0,119.0
1076,1076,1076,,2017-05-28 22:28:00,0.0,119.0,"ACC开,3D定位,天线正常","湖南省常德市武陵区G207(常澧路),距常德市汇文中学 约80米,距常德女子外语学校-北门 约264米",111.65771,29.054798,0.0,119.0
1077,1077,1077,,2017-05-28 22:28:48,0.0,119.0,"ACC开,3D定位,天线正常","湖南省常德市武陵区G207(常澧路),距常德市汇文中学 约80米,距常德女子外语学校-北门 约264米",111.65771,29.054798,0.0,119.0
1078,1078,1078,,2017-05-28 22:29:36,0.0,119.0,"ACC开,3D定位,天线正常","湖南省常德市武陵区G207(常澧路),距常德市汇文中学 约80米,距常德女子外语学校-北门 约264米",111.65771,29.054798,0.0,119.0
1079,1079,1079,,2017-05-28 22:32:16,0.0,119.0,"ACC开,3D定位,天线正常","湖南省常德市武陵区G207(常澧路),距常德市汇文中学 约80米,距常德女子外语学校-北门 约264米",111.65771,29.054798,0.0,119.0
1080,1080,1080,,2017-05-28 22:33:04,0.0,119.0,"ACC开,3D定位,天线正常","湖南省常德市武陵区G207(常澧路),距常德市汇文中学 约80米,距常德女子外语学校-北门 约264米",111.65771,29.054798,0.0,119.0
1081,1081,1081,,2017-05-28 22:33:52,0.0,119.0,"ACC开,3D定位,天线正常","湖南省常德市武陵区G207(常澧路),距常德市汇文中学 约80米,距常德女子外语学校-北门 约264米",111.65771,29.054798,0.0,119.0
1082,1082,1082,,2017-05-28 22:34:40,0.0,119.0,"ACC开,3D定位,天线正常","湖南省常德市武陵区G207(常澧路),距常德市汇文中学 约80米,距常德女子外语学校-北门 约264米",111.65771,29.054798,0.0,119.0
1083,1083,1083,,2017-05-28 22:35:28,0.0,119.0,"ACC开,3D定位,天线正常","湖南省常德市武陵区G207(常澧路),距常德市汇文中学 约80米,距常德女子外语学校-北门 约264米",111.65771,29.054798,0.0,119.0
1084,1084,1084,,2017-05-28 22:38:25,0.0,119.0,"ACC开,3D定位,天线正常","湖南省常德市武陵区G207(常澧路),距常德市汇文中学 约80米,距常德女子外语学校-北门 约264米",111.65771,29.054798,0.0,119.0
1085,1085,1085,,2017-05-28 22:39:13,0.0,119.0,"ACC开,3D定位,天线正常","湖南省常德市武陵区G207(常澧路),距常德市汇文中学 约80米,距常德女子外语学校-北门 约264米",111.65771,29.054798,0.0,119.0
1086,1086,1086,,2017-05-28 22:40:01,0.0,119.0,"ACC开,3D定位,天线正常","湖南省常德市武陵区G207(常澧路),距常德市汇文中学 约80米,距常德女子外语学校-北门 约264米",111.65771,29.054798,0.0,119.0
1087,1087,1087,,2017-05-28 22:40:49,0.0,119.0,"ACC开,3D定位,天线正常","湖南省常德市武陵区G207(常澧路),距常德市汇文中学 约80米,距常德女子外语学校-北门 约264米",111.65771,29.054798,0.0,119.0
1088,1088,1088,,2017-05-28 22:41:37,0.0,119.0,"ACC开,3D定位,天线正常","湖南省常德市武陵区G207(常澧路),距常德市汇文中学 约80米,距常德女子外语学校-北门 约264米",111.65771,29.054798,0.0,119.0
1089,1089,1089,,2017-05-28 22:44:33,0.0,119.0,"ACC开,3D定位,天线正常","湖南省常德市武陵区G207(常澧路),距常德市汇文中学 约80米,距常德女子外语学校-北门 约264米",111.65771,29.054798,0.0,119.0
1090,1090,1090,,2017-05-28 22:45:21,0.0,119.0,"ACC开,3D定位,天线正常","湖南省常德市武陵区G207(常澧路),距常德市汇文中学 约80米,距常德女子外语学校-北门 约264米",111.65771,29.054798,0.0,119.0
1091,1091,1091,,2017-05-28 22:46:09,0.0,119.0,"ACC开,3D定位,天线正常","湖南省常德市武陵区G207(常澧路),距常德市汇文中学 约80米,距常德女子外语学校-北门 约264米",111.65771,29.054798,0.0,119.0
1092,1092,1092,,2017-05-28 22:46:58,0.0,119.0,"ACC开,3D定位,天线正常","湖南省常德市武陵区G207(常澧路),距常德市汇文中学 约80米,距常德女子外语学校-北门 约264米",111.65771,29.054798,0.0,119.0
1093,1093,1093,,2017-05-28 22:47:45,0.0,119.0,"ACC开,3D定位,天线正常","湖南省常德市武陵区G207(常澧路),距常德市汇文中学 约80米,距常德女子外语学校-北门 约264米",111.65771,29.054798,0.0,119.0
1094,1094,1094,,2017-05-28 22:49:53,0.0,119.0,"ACC开,3D定位,天线正常","湖南省常德市武陵区G207(常澧路),距常德市汇文中学 约80米,距常德女子外语学校-北门 约264米",111.65771,29.054798,0.0,119.0
1095,1095,1095,,2017-05-28 22:50:40,0.0,119.0,"ACC开,3D定位,天线正常","湖南省常德市武陵区G207(常澧路),距常德市汇文中学 约80米,距常德女子外语学校-北门 约264米",111.65771,29.054798,0.0,119.0
1096,1096,1096,,2017-05-28 22:51:28,0.0,119.0,"ACC开,3D定位,天线正常","湖南省常德市武陵区G207(常澧路),距常德市汇文中学 约80米,距常德女子外语学校-北门 约264米",111.65771,29.054798,0.0,119.0
1097,1097,1097,,2017-05-28 22:52:17,0.0,119.0,"ACC开,3D定位,天线正常","湖南省常德市武陵区G207(常澧路),距常德市汇文中学 约80米,距常德女子外语学校-北门 约264米",111.65771,29.054798,0.0,119.0
1098,1098,1098,,2017-05-28 22:54:41,0.0,119.0,"ACC开,3D定位,天线正常","湖南省常德市武陵区G207(常澧路),距常德市汇文中学 约80米,距常德女子外语学校-北门 约264米",111.65771,29.054798,0.0,119.0
1099,1099,1099,,2017-05-28 22:55:30,0.0,119.0,"ACC开,3D定位,天线正常","湖南省常德市武陵区G207(常澧路),距常德市汇文中学 约80米,距常德女子外语学校-北门 约264米",111.65771,29.054798,0.0,119.0
1100,1100,1100,,2017-05-28 22:56:18,0.0,119.0,"ACC开,3D定位,天线正常","湖南省常德市武陵区G207(常澧路),距常德市汇文中学 约80米,距常德女子外语学校-北门 约264米",111.65771,29.054798,0.0,119.0
1101,1101,1101,,2017-05-28 22:57:06,0.0,119.0,"ACC开,3D定位,天线正常","湖南省常德市武陵区G207(常澧路),距常德市汇文中学 约80米,距常德女子外语学校-北门 约264米",111.65771,29.054798,0.0,119.0
1102,1102,1102,,2017-05-28 22:57:54,0.0,119.0,"ACC开,3D定位,天线正常","湖南省常德市武陵区G207(常澧路),距常德市汇文中学 约80米,距常德女子外语学校-北门 约264米",111.65771,29.054798,0.0,119.0
1103,1103,1103,,2017-05-28 23:00:02,0.0,119.0,"ACC开,3D定位,天线正常","湖南省常德市武陵区G207(常澧路),距常德市汇文中学 约80米,距常德女子外语学校-北门 约264米",111.65771,29.054798,0.0,119.0
1104,1104,1104,,2017-05-28 23:00:50,0.0,119.0,"ACC开,3D定位,天线正常","湖南省常德市武陵区G207(常澧路),距常德市汇文中学 约80米,距常德女子外语学校-北门 约264米",111.65771,29.054798,0.0,119.0
1105,1105,1105,,2017-05-28 23:01:38,0.0,119.0,"ACC开,3D定位,天线正常","湖南省常德市武陵区G207(常澧路),距常德市汇文中学 约80米,距常德女子外语学校-北门 约264米",111.65771,29.054798,0.0,119.0
1106,1106,1106,,2017-05-28 23:02:26,0.0,119.0,"ACC开,3D定位,天线正常","湖南省常德市武陵区G207(常澧路),距常德市汇文中学 约80米,距常德女子外语学校-北门 约264米",111.65771,29.054798,0.0,119.0
1107,1107,1107,,2017-05-28 23:03:14,0.0,119.0,"ACC开,3D定位,天线正常","湖南省常德市武陵区G207(常澧路),距常德市汇文中学 约80米,距常德女子外语学校-北门 约264米",111.65771,29.054798,0.0,119.0
1108,1108,1108,,2017-05-28 23:06:42,0.0,119.0,"ACC开,3D定位,天线正常","湖南省常德市武陵区G207(常澧路),距常德市汇文中学 约80米,距常德女子外语学校-北门 约264米",111.65771,29.054798,0.0,119.0
1109,1109,1109,,2017-05-28 23:07:30,0.0,119.0,"ACC开,3D定位,天线正常","湖南省常德市武陵区G207(常澧路),距常德市汇文中学 约80米,距常德女子外语学校-北门 约264米",111.65771,29.054798,0.0,119.0
1110,1110,1110,,2017-05-28 23:08:18,0.0,119.0,"ACC开,3D定位,天线正常","湖南省常德市武陵区G207(常澧路),距常德市汇文中学 约80米,距常德女子外语学校-北门 约264米",111.65771,29.054798,0.0,119.0
1111,1111,1111,,2017-05-28 23:09:06,0.0,119.0,"ACC开,3D定位,天线正常","湖南省常德市武陵区G207(常澧路),距常德市汇文中学 约80米,距常德女子外语学校-北门 约264米",111.65771,29.054798,0.0,119.0
1112,1112,1112,,2017-05-28 23:09:54,0.0,119.0,"ACC开,3D定位,天线正常","湖南省常德市武陵区G207(常澧路),距常德市汇文中学 约80米,距常德女子外语学校-北门 约264米",111.65771,29.054798,0.0,119.0
1113,1113,1113,,2017-05-28 23:12:51,0.0,119.0,"ACC开,3D定位,天线正常","湖南省常德市武陵区G207(常澧路),距常德市汇文中学 约80米,距常德女子外语学校-北门 约264米",111.65771,29.054798,0.0,119.0
1114,1114,1114,,2017-05-28 23:13:39,0.0,119.0,"ACC开,3D定位,天线正常","湖南省常德市武陵区G207(常澧路),距常德市汇文中学 约80米,距常德女子外语学校-北门 约264米",111.65771,29.054798,0.0,119.0
1115,1115,1115,,2017-05-28 23:14:27,0.0,119.0,"ACC开,3D定位,天线正常","湖南省常德市武陵区G207(常澧路),距常德市汇文中学 约80米,距常德女子外语学校-北门 约264米",111.65771,29.054798,0.0,119.0
1116,1116,1116,,2017-05-28 23:15:15,0.0,119.0,"ACC开,3D定位,天线正常","湖南省常德市武陵区G207(常澧路),距常德市汇文中学 约80米,距常德女子外语学校-北门 约264米",111.65771,29.054798,0.0,119.0
1117,1117,1117,,2017-05-28 23:17:55,0.0,119.0,"ACC开,3D定位,天线正常","湖南省常德市武陵区G207(常澧路),距常德市汇文中学 约80米,距常德女子外语学校-北门 约264米",111.65771,29.054798,0.0,119.0
1118,1118,1118,,2017-05-28 23:18:43,0.0,119.0,"ACC开,3D定位,天线正常","湖南省常德市武陵区G207(常澧路),距常德市汇文中学 约80米,距常德女子外语学校-北门 约264米",111.65771,29.054798,0.0,119.0
1119,1119,1119,,2017-05-28 23:19:31,0.0,119.0,"ACC开,3D定位,天线正常","湖南省常德市武陵区G207(常澧路),距常德市汇文中学 约80米,距常德女子外语学校-北门 约264米",111.65771,29.054798,0.0,119.0
1120,1120,1120,,2017-05-28 23:20:19,0.0,119.0,"ACC开,3D定位,天线正常","湖南省常德市武陵区G207(常澧路),距常德市汇文中学 约80米,距常德女子外语学校-北门 约264米",111.65771,29.054798,0.0,119.0
1121,1121,1121,,2017-05-28 23:21:07,0.0,119.0,"ACC开,3D定位,天线正常","湖南省常德市武陵区G207(常澧路),距常德市汇文中学 约80米,距常德女子外语学校-北门 约264米",111.65771,29.054798,0.0,119.0
1122,1122,1122,,2017-05-28 23:22:44,0.0,119.0,"ACC开,3D定位,天线正常","湖南省常德市武陵区G207(常澧路),距常德市汇文中学 约80米,距常德女子外语学校-北门 约264米",111.65771,29.054798,0.0,119.0
1123,1123,1123,,2017-05-28 23:23:31,0.0,119.0,"ACC开,3D定位,天线正常","湖南省常德市武陵区G207(常澧路),距常德市汇文中学 约80米,距常德女子外语学校-北门 约264米",111.65771,29.054798,0.0,119.0
1124,1124,1124,,2017-05-28 23:24:19,0.0,119.0,"ACC开,3D定位,天线正常","湖南省常德市武陵区G207(常澧路),距常德市汇文中学 约80米,距常德女子外语学校-北门 约264米",111.65771,29.054798,0.0,119.0
1125,1125,1125,,2017-05-28 23:25:07,0.0,119.0,"ACC开,3D定位,天线正常","湖南省常德市武陵区G207(常澧路),距常德市汇文中学 约80米,距常德女子外语学校-北门 约264米",111.65771,29.054798,0.0,119.0
1126,1126,1126,,2017-05-28 23:25:56,0.0,119.0,"ACC开,3D定位,天线正常","湖南省常德市武陵区G207(常澧路),距常德市汇文中学 约80米,距常德女子外语学校-北门 约264米",111.65771,29.054798,0.0,119.0
1127,1127,1127,,2017-05-28 23:28:36,0.0,119.0,"ACC开,3D定位,天线正常","湖南省常德市武陵区G207(常澧路),距常德市汇文中学 约80米,距常德女子外语学校-北门 约264米",111.65771,29.054798,0.0,119.0
1128,1128,1128,,2017-05-28 23:29:24,0.0,119.0,"ACC开,3D定位,天线正常","湖南省常德市武陵区G207(常澧路),距常德市汇文中学 约80米,距常德女子外语学校-北门 约264米",111.65771,29.054798,0.0,119.0
1129,1129,1129,,2017-05-28 23:30:12,0.0,119.0,"ACC开,3D定位,天线正常","湖南省常德市武陵区G207(常澧路),距常德市汇文中学 约80米,距常德女子外语学校-北门 约264米",111.65771,29.054798,0.0,119.0
1130,1130,1130,,2017-05-28 23:31:00,0.0,119.0,"ACC开,3D定位,天线正常","湖南省常德市武陵区G207(常澧路),距常德市汇文中学 约80米,距常德女子外语学校-北门 约264米",111.65771,29.054798,0.0,119.0
1131,1131,1131,,2017-05-28 23:31:48,0.0,119.0,"ACC开,3D定位,天线正常","湖南省常德市武陵区G207(常澧路),距常德市汇文中学 约80米,距常德女子外语学校-北门 约264米",111.65771,29.054798,0.0,119.0
1132,1132,1132,,2017-05-28 23:33:40,0.0,119.0,"ACC开,3D定位,天线正常","湖南省常德市武陵区G207(常澧路),距常德市汇文中学 约80米,距常德女子外语学校-北门 约264米",111.65771,29.054798,0.0,119.0
1133,1133,1133,,2017-05-28 23:34:28,0.0,119.0,"ACC开,3D定位,天线正常","湖南省常德市武陵区G207(常澧路),距常德市汇文中学 约80米,距常德女子外语学校-北门 约264米",111.65771,29.054798,0.0,119.0
1134,1134,1134,,2017-05-28 23:35:16,0.0,119.0,"ACC开,3D定位,天线正常","湖南省常德市武陵区G207(常澧路),距常德市汇文中学 约80米,距常德女子外语学校-北门 约264米",111.65771,29.054798,0.0,119.0
1135,1135,1135,,2017-05-28 23:36:04,0.0,119.0,"ACC开,3D定位,天线正常","湖南省常德市武陵区G207(常澧路),距常德市汇文中学 约80米,距常德女子外语学校-北门 约264米",111.65771,29.054798,0.0,119.0
1136,1136,1136,,2017-05-28 23:36:52,0.0,119.0,"ACC开,3D定位,天线正常","湖南省常德市武陵区G207(常澧路),距常德市汇文中学 约80米,距常德女子外语学校-北门 约264米",111.65771,29.054798,0.0,119.0
1137,1137,1137,,2017-05-28 23:39:48,0.0,119.0,"ACC开,3D定位,天线正常","湖南省常德市武陵区G207(常澧路),距常德市汇文中学 约80米,距常德女子外语学校-北门 约264米",111.65771,29.054798,0.0,119.0
1138,1138,1138,,2017-05-28 23:40:36,0.0,119.0,"ACC开,3D定位,天线正常","湖南省常德市武陵区G207(常澧路),距常德市汇文中学 约80米,距常德女子外语学校-北门 约264米",111.65771,29.054798,0.0,119.0
1139,1139,1139,,2017-05-28 23:41:24,0.0,119.0,"ACC开,3D定位,天线正常","湖南省常德市武陵区G207(常澧路),距常德市汇文中学 约80米,距常德女子外语学校-北门 约264米",111.65771,29.054798,0.0,119.0
1140,1140,1140,,2017-05-28 23:42:12,0.0,119.0,"ACC开,3D定位,天线正常","湖南省常德市武陵区G207(常澧路),距常德市汇文中学 约80米,距常德女子外语学校-北门 约264米",111.65771,29.054798,0.0,119.0
1141,1141,1141,,2017-05-28 23:43:01,0.0,119.0,"ACC开,3D定位,天线正常","湖南省常德市武陵区G207(常澧路),距常德市汇文中学 约80米,距常德女子外语学校-北门 约264米",111.65771,29.054798,0.0,119.0
1142,1142,1142,,2017-05-28 23:45:56,0.0,119.0,"ACC开,3D定位,天线正常","湖南省常德市武陵区G207(常澧路),距常德市汇文中学 约80米,距常德女子外语学校-北门 约264米",111.65771,29.054798,0.0,119.0
1143,1143,1143,,2017-05-28 23:46:45,0.0,119.0,"ACC开,3D定位,天线正常","湖南省常德市武陵区G207(常澧路),距常德市汇文中学 约80米,距常德女子外语学校-北门 约264米",111.65771,29.054798,0.0,119.0
1144,1144,1144,,2017-05-28 23:47:33,0.0,119.0,"ACC开,3D定位,天线正常","湖南省常德市武陵区G207(常澧路),距常德市汇文中学 约80米,距常德女子外语学校-北门 约264米",111.65771,29.054798,0.0,119.0
1145,1145,1145,,2017-05-28 23:48:21,0.0,119.0,"ACC开,3D定位,天线正常","湖南省常德市武陵区G207(常澧路),距常德市汇文中学 约80米,距常德女子外语学校-北门 约264米",111.65771,29.054798,0.0,119.0
1146,1146,1146,,2017-05-28 23:49:09,0.0,119.0,"ACC开,3D定位,天线正常","湖南省常德市武陵区G207(常澧路),距常德市汇文中学 约80米,距常德女子外语学校-北门 约264米",111.65771,29.054798,0.0,119.0
1147,1147,1147,,2017-05-28 23:50:29,0.0,119.0,"ACC开,3D定位,天线正常","湖南省常德市武陵区G207(常澧路),距常德市汇文中学 约80米,距常德女子外语学校-北门 约264米",111.65771,29.054798,0.0,119.0
1148,1148,1148,,2017-05-28 23:51:17,0.0,119.0,"ACC开,3D定位,天线正常","湖南省常德市武陵区G207(常澧路),距常德市汇文中学 约80米,距常德女子外语学校-北门 约264米",111.65771,29.054798,0.0,119.0
1149,1149,1149,,2017-05-28 23:52:05,0.0,119.0,"ACC开,3D定位,天线正常","湖南省常德市武陵区G207(常澧路),距常德市汇文中学 约80米,距常德女子外语学校-北门 约264米",111.65771,29.054798,0.0,119.0
1150,1150,1150,,2017-05-28 23:52:53,0.0,119.0,"ACC开,3D定位,天线正常","湖南省常德市武陵区G207(常澧路),距常德市汇文中学 约80米,距常德女子外语学校-北门 约264米",111.65771,29.054798,0.0,119.0
1151,1151,1151,,2017-05-28 23:53:41,0.0,119.0,"ACC开,3D定位,天线正常","湖南省常德市武陵区G207(常澧路),距常德市汇文中学 约80米,距常德女子外语学校-北门 约264米",111.65771,29.054798,0.0,119.0
1152,1152,1152,,2017-05-28 23:56:21,0.0,119.0,"ACC开,3D定位,天线正常","湖南省常德市武陵区G207(常澧路),距常德市汇文中学 约80米,距常德女子外语学校-北门 约264米",111.65771,29.054798,0.0,119.0
1153,1153,1153,,2017-05-28 23:57:09,0.0,119.0,"ACC开,3D定位,天线正常","湖南省常德市武陵区G207(常澧路),距常德市汇文中学 约80米,距常德女子外语学校-北门 约264米",111.65771,29.054798,0.0,119.0
1154,1154,1154,,2017-05-28 23:57:56,0.0,119.0,"ACC开,3D定位,天线正常","湖南省常德市武陵区G207(常澧路),距常德市汇文中学 约80米,距常德女子外语学校-北门 约264米",111.65771,29.054798,0.0,119.0
1155,1155,1155,,2017-05-28 23:58:44,0.0,119.0,"ACC开,3D定位,天线正常","湖南省常德市武陵区G207(常澧路),距常德市汇文中学 约80米,距常德女子外语学校-北门 约264米",111.65771,29.054798,0.0,119.0
1156,1156,1156,,2017-05-28 23:59:33,0.0,119.0,"ACC开,3D定位,天线正常","湖南省常德市武陵区G207(常澧路),距常德市汇文中学 约80米,距常德女子外语学校-北门 约264米",111.65771,29.054798,0.0,119.0
